-- Personas seed — GENERATED by scripts/gen-personas-seed.ts
-- Source of truth: data/reco-personas/personas.json. Do not hand-edit.
-- Idempotent: wipes the persona slice (users 3101–3110) and rewrites it.

PRAGMA foreign_keys = ON;
BEGIN;

-- 1. Wipe the persona slice (children-first so FKs stay happy).
DELETE FROM user_reviews    WHERE user_id BETWEEN 3101 AND 3110;
DELETE FROM order_items     WHERE order_id IN (SELECT id FROM orders WHERE user_id BETWEEN 3101 AND 3110);
DELETE FROM orders          WHERE user_id BETWEEN 3101 AND 3110;
DELETE FROM user_family     WHERE user_id BETWEEN 3101 AND 3110;
DELETE FROM user_preferences WHERE user_id BETWEEN 3101 AND 3110;
DELETE FROM addresses       WHERE user_id BETWEEN 3101 AND 3110;

-- =====================================================
-- alice-tran (user 3101) — Brooklyn solo, orders Thai 3x/week, picky about pad see ew.
-- =====================================================
INSERT OR REPLACE INTO users (id, name, email, phone_number, password, country_id, avatar, is_restricted) VALUES (3101, 'Alice Tran', 'alice.tran@personas.demo', '5550003101', 'password', 2, NULL, 0);
INSERT INTO addresses (id, user_id, street, city, state, zip_code, latitude, longitude, address_type, is_default) VALUES (9001, 3101, '750 Nostrand Ave', 'Brooklyn', 'NY', '11216', 40.6782, -73.9442, 'house', 1);
INSERT INTO user_preferences (user_id, cuisine_affinity, price_tier, dietary, spice_tolerance, novelty_appetite, delivery_time_tolerance, promo_sensitivity) VALUES (3101, '{"Thai":0.9,"Vietnamese":0.6,"Japanese":0.4}', 'mid', '["no-pork"]', 'hot', 0.7, 'quick', 'mid');
INSERT INTO orders (id, user_id, store_id, store_category, payment_method_id, address_id, delivery_type, delivery_time_str, extra_fee, phone_country_code, phone_number, tip_amount, subtotal, service_fee, delivery_fee, total, order_date, status) VALUES (9000001, 3101, 289, 'restaurant', NULL, 9001, 'delivery', '25-40 min', 0, '+1', '5550003101', 195, 1948, 234, 399, 2776, '2026-05-28T01:00:00.000Z', 'delivered');
INSERT INTO order_items (id, order_id, menu_item_id, quantity) VALUES (9000001, 9000001, 6804, 1), (9000002, 9000001, 6818, 1);
INSERT INTO orders (id, user_id, store_id, store_category, payment_method_id, address_id, delivery_type, delivery_time_str, extra_fee, phone_country_code, phone_number, tip_amount, subtotal, service_fee, delivery_fee, total, order_date, status) VALUES (9000002, 3101, 289, 'restaurant', NULL, 9001, 'delivery', '25-40 min', 0, '+1', '5550003101', 45, 449, 199, 399, 1092, '2026-05-25T01:00:00.000Z', 'delivered');
INSERT INTO order_items (id, order_id, menu_item_id, quantity) VALUES (9000003, 9000002, 6820, 1);
INSERT INTO orders (id, user_id, store_id, store_category, payment_method_id, address_id, delivery_type, delivery_time_str, extra_fee, phone_country_code, phone_number, tip_amount, subtotal, service_fee, delivery_fee, total, order_date, status) VALUES (9000003, 3101, 289, 'restaurant', NULL, 9001, 'delivery', '25-40 min', 0, '+1', '5550003101', 45, 449, 199, 399, 1092, '2026-05-23T01:00:00.000Z', 'delivered');
INSERT INTO order_items (id, order_id, menu_item_id, quantity) VALUES (9000004, 9000003, 6820, 1);
INSERT INTO orders (id, user_id, store_id, store_category, payment_method_id, address_id, delivery_type, delivery_time_str, extra_fee, phone_country_code, phone_number, tip_amount, subtotal, service_fee, delivery_fee, total, order_date, status) VALUES (9000004, 3101, 206, 'restaurant', NULL, 9001, 'delivery', '25-40 min', 0, '+1', '5550003101', 75, 749, 199, 399, 1422, '2026-05-21T01:00:00.000Z', 'delivered');
INSERT INTO order_items (id, order_id, menu_item_id, quantity) VALUES (9000005, 9000004, 5182, 1);
INSERT INTO orders (id, user_id, store_id, store_category, payment_method_id, address_id, delivery_type, delivery_time_str, extra_fee, phone_country_code, phone_number, tip_amount, subtotal, service_fee, delivery_fee, total, order_date, status) VALUES (9000005, 3101, 206, 'restaurant', NULL, 9001, 'delivery', '25-40 min', 0, '+1', '5550003101', 175, 1748, 210, 399, 2532, '2026-05-19T01:00:00.000Z', 'delivered');
INSERT INTO order_items (id, order_id, menu_item_id, quantity) VALUES (9000006, 9000005, 5193, 1), (9000007, 9000005, 5191, 1);
INSERT INTO orders (id, user_id, store_id, store_category, payment_method_id, address_id, delivery_type, delivery_time_str, extra_fee, phone_country_code, phone_number, tip_amount, subtotal, service_fee, delivery_fee, total, order_date, status) VALUES (9000006, 3101, 291, 'restaurant', NULL, 9001, 'delivery', '25-40 min', 0, '+1', '5550003101', 60, 599, 199, 399, 1257, '2026-05-17T01:00:00.000Z', 'delivered');
INSERT INTO order_items (id, order_id, menu_item_id, quantity) VALUES (9000008, 9000006, 6849, 1);
INSERT INTO orders (id, user_id, store_id, store_category, payment_method_id, address_id, delivery_type, delivery_time_str, extra_fee, phone_country_code, phone_number, tip_amount, subtotal, service_fee, delivery_fee, total, order_date, status) VALUES (9000007, 3101, 191, 'restaurant', NULL, 9001, 'delivery', '25-40 min', 0, '+1', '5550003101', 45, 449, 199, 399, 1092, '2026-05-15T01:00:00.000Z', 'delivered');
INSERT INTO order_items (id, order_id, menu_item_id, quantity) VALUES (9000009, 9000007, 4899, 1);
INSERT INTO orders (id, user_id, store_id, store_category, payment_method_id, address_id, delivery_type, delivery_time_str, extra_fee, phone_country_code, phone_number, tip_amount, subtotal, service_fee, delivery_fee, total, order_date, status) VALUES (9000008, 3101, 191, 'restaurant', NULL, 9001, 'delivery', '25-40 min', 0, '+1', '5550003101', 210, 2098, 252, 399, 2959, '2026-05-13T01:00:00.000Z', 'delivered');
INSERT INTO order_items (id, order_id, menu_item_id, quantity) VALUES (9000010, 9000008, 4884, 1), (9000011, 9000008, 4895, 1);
INSERT INTO orders (id, user_id, store_id, store_category, payment_method_id, address_id, delivery_type, delivery_time_str, extra_fee, phone_country_code, phone_number, tip_amount, subtotal, service_fee, delivery_fee, total, order_date, status) VALUES (9000009, 3101, 203, 'restaurant', NULL, 9001, 'delivery', '25-40 min', 0, '+1', '5550003101', 70, 699, 199, 399, 1367, '2026-05-10T01:00:00.000Z', 'delivered');
INSERT INTO order_items (id, order_id, menu_item_id, quantity) VALUES (9000012, 9000009, 5118, 1);
INSERT INTO orders (id, user_id, store_id, store_category, payment_method_id, address_id, delivery_type, delivery_time_str, extra_fee, phone_country_code, phone_number, tip_amount, subtotal, service_fee, delivery_fee, total, order_date, status) VALUES (9000010, 3101, 316, 'restaurant', NULL, 9001, 'delivery', '25-40 min', 0, '+1', '5550003101', 80, 799, 199, 399, 1477, '2026-05-07T01:00:00.000Z', 'delivered');
INSERT INTO order_items (id, order_id, menu_item_id, quantity) VALUES (9000013, 9000010, 7342, 1);
INSERT INTO orders (id, user_id, store_id, store_category, payment_method_id, address_id, delivery_type, delivery_time_str, extra_fee, phone_country_code, phone_number, tip_amount, subtotal, service_fee, delivery_fee, total, order_date, status) VALUES (9000011, 3101, 316, 'restaurant', NULL, 9001, 'delivery', '25-40 min', 0, '+1', '5550003101', 190, 1899, 228, 399, 2716, '2026-05-04T01:00:00.000Z', 'delivered');
INSERT INTO order_items (id, order_id, menu_item_id, quantity) VALUES (9000014, 9000011, 7357, 1), (9000015, 9000011, 7358, 1);
INSERT INTO user_reviews (id, store_id, store_category, user_id, rating, content, timestamp, order_id, approval_status) VALUES (9000001, 291, 'restaurant', 3101, 1.0, 'Tried Siam Thai House once, didn''t land. Won''t reorder.', '2026-05-24T01:00:00.000Z', NULL, 'approved');
INSERT INTO user_reviews (id, store_id, store_category, user_id, rating, content, timestamp, order_id, approval_status) VALUES (9000002, 203, 'restaurant', 3101, 1.0, 'Tried Rosa''s Pho once, didn''t land. Won''t reorder.', '2026-05-20T01:00:00.000Z', NULL, 'approved');
INSERT INTO user_reviews (id, store_id, store_category, user_id, rating, content, timestamp, order_id, approval_status) VALUES (9000003, 289, 'restaurant', 3101, 4.0, 'Solid Thai from The Empire Basil. Consistently good.', '2026-05-16T01:00:00.000Z', NULL, 'approved');
INSERT INTO user_reviews (id, store_id, store_category, user_id, rating, content, timestamp, order_id, approval_status) VALUES (9000004, 316, 'restaurant', 3101, 4.0, 'Solid Japanese from Oishi Japanese Kitchen. Consistently good.', '2026-05-14T01:00:00.000Z', NULL, 'approved');
INSERT INTO user_reviews (id, store_id, store_category, user_id, rating, content, timestamp, order_id, approval_status) VALUES (9000005, 191, 'restaurant', 3101, 4.0, 'Solid Vietnamese from The Empire Noodle House. Consistently good.', '2026-05-10T01:00:00.000Z', NULL, 'approved');
INSERT INTO user_reviews (id, store_id, store_category, user_id, rating, content, timestamp, order_id, approval_status) VALUES (9000006, 206, 'restaurant', 3101, 4.0, 'Solid Thai from Central Cafe. Consistently good.', '2026-05-08T01:00:00.000Z', NULL, 'approved');

-- =====================================================
-- ben-kowalski (user 3102) — Manhattan Beach homebody, sticks to the same four trattorias, hates surprises.
-- =====================================================
INSERT OR REPLACE INTO users (id, name, email, phone_number, password, country_id, avatar, is_restricted) VALUES (3102, 'Ben Kowalski', 'ben.kowalski@personas.demo', '5550003102', 'password', 2, NULL, 0);
INSERT INTO addresses (id, user_id, street, city, state, zip_code, latitude, longitude, address_type, is_default) VALUES (9002, 3102, '401 Manhattan Beach Blvd', 'Manhattan Beach', 'CA', '90266', 33.8847, -118.4109, 'house', 1);
INSERT INTO user_preferences (user_id, cuisine_affinity, price_tier, dietary, spice_tolerance, novelty_appetite, delivery_time_tolerance, promo_sensitivity) VALUES (3102, '{"Italian":0.8,"Mediterranean":0.5,"American":0.4}', 'premium', '[]', 'mild', 0.2, 'flexible', 'low');
INSERT INTO orders (id, user_id, store_id, store_category, payment_method_id, address_id, delivery_type, delivery_time_str, extra_fee, phone_country_code, phone_number, tip_amount, subtotal, service_fee, delivery_fee, total, order_date, status) VALUES (9000012, 3102, 430, 'restaurant', NULL, 9002, 'delivery', '25-40 min', 0, '+1', '5550003102', 364, 3636, 436, 399, 4835, '2026-05-28T01:00:00.000Z', 'delivered');
INSERT INTO order_items (id, order_id, menu_item_id, quantity) VALUES (9000016, 9000012, 9276, 1), (9000017, 9000012, 9280, 1);
INSERT INTO orders (id, user_id, store_id, store_category, payment_method_id, address_id, delivery_type, delivery_time_str, extra_fee, phone_country_code, phone_number, tip_amount, subtotal, service_fee, delivery_fee, total, order_date, status) VALUES (9000013, 3102, 430, 'restaurant', NULL, 9002, 'delivery', '25-40 min', 0, '+1', '5550003102', 104, 1038, 199, 399, 1740, '2026-05-27T01:00:00.000Z', 'delivered');
INSERT INTO order_items (id, order_id, menu_item_id, quantity) VALUES (9000018, 9000013, 9280, 1);
INSERT INTO orders (id, user_id, store_id, store_category, payment_method_id, address_id, delivery_type, delivery_time_str, extra_fee, phone_country_code, phone_number, tip_amount, subtotal, service_fee, delivery_fee, total, order_date, status) VALUES (9000014, 3102, 430, 'restaurant', NULL, 9002, 'delivery', '25-40 min', 0, '+1', '5550003102', 214, 2143, 257, 399, 3013, '2026-05-25T01:00:00.000Z', 'delivered');
INSERT INTO order_items (id, order_id, menu_item_id, quantity) VALUES (9000019, 9000014, 9273, 1);
INSERT INTO orders (id, user_id, store_id, store_category, payment_method_id, address_id, delivery_type, delivery_time_str, extra_fee, phone_country_code, phone_number, tip_amount, subtotal, service_fee, delivery_fee, total, order_date, status) VALUES (9000015, 3102, 440, 'restaurant', NULL, 9002, 'delivery', '25-40 min', 0, '+1', '5550003102', 260, 2598, 312, 399, 3569, '2026-05-22T01:00:00.000Z', 'delivered');
INSERT INTO order_items (id, order_id, menu_item_id, quantity) VALUES (9000020, 9000015, 9424, 1);
INSERT INTO orders (id, user_id, store_id, store_category, payment_method_id, address_id, delivery_type, delivery_time_str, extra_fee, phone_country_code, phone_number, tip_amount, subtotal, service_fee, delivery_fee, total, order_date, status) VALUES (9000016, 3102, 440, 'restaurant', NULL, 9002, 'delivery', '25-40 min', 0, '+1', '5550003102', 247, 2468, 296, 399, 3410, '2026-05-20T01:00:00.000Z', 'delivered');
INSERT INTO order_items (id, order_id, menu_item_id, quantity) VALUES (9000021, 9000016, 9422, 1);
INSERT INTO orders (id, user_id, store_id, store_category, payment_method_id, address_id, delivery_type, delivery_time_str, extra_fee, phone_country_code, phone_number, tip_amount, subtotal, service_fee, delivery_fee, total, order_date, status) VALUES (9000017, 3102, 368, 'restaurant', NULL, 9002, 'delivery', '25-40 min', 0, '+1', '5550003102', 378, 3776, 453, 399, 5006, '2026-05-18T01:00:00.000Z', 'delivered');
INSERT INTO order_items (id, order_id, menu_item_id, quantity) VALUES (9000022, 9000017, 8342, 1), (9000023, 9000017, 8351, 1);
INSERT INTO orders (id, user_id, store_id, store_category, payment_method_id, address_id, delivery_type, delivery_time_str, extra_fee, phone_country_code, phone_number, tip_amount, subtotal, service_fee, delivery_fee, total, order_date, status) VALUES (9000018, 3102, 508, 'restaurant', NULL, 9002, 'delivery', '25-40 min', 0, '+1', '5550003102', 182, 1818, 218, 399, 2617, '2026-05-17T01:00:00.000Z', 'delivered');
INSERT INTO order_items (id, order_id, menu_item_id, quantity) VALUES (9000024, 9000018, 10452, 1);
INSERT INTO orders (id, user_id, store_id, store_category, payment_method_id, address_id, delivery_type, delivery_time_str, extra_fee, phone_country_code, phone_number, tip_amount, subtotal, service_fee, delivery_fee, total, order_date, status) VALUES (9000019, 3102, 508, 'restaurant', NULL, 9002, 'delivery', '25-40 min', 0, '+1', '5550003102', 97, 973, 199, 399, 1668, '2026-05-16T01:00:00.000Z', 'delivered');
INSERT INTO order_items (id, order_id, menu_item_id, quantity) VALUES (9000025, 9000019, 10446, 1);
INSERT INTO orders (id, user_id, store_id, store_category, payment_method_id, address_id, delivery_type, delivery_time_str, extra_fee, phone_country_code, phone_number, tip_amount, subtotal, service_fee, delivery_fee, total, order_date, status) VALUES (9000020, 3102, 478, 'restaurant', NULL, 9002, 'delivery', '25-40 min', 0, '+1', '5550003102', 50, 500, 199, 399, 1148, '2026-05-14T01:00:00.000Z', 'delivered');
INSERT INTO order_items (id, order_id, menu_item_id, quantity) VALUES (9000026, 9000020, 9995, 1);
INSERT INTO orders (id, user_id, store_id, store_category, payment_method_id, address_id, delivery_type, delivery_time_str, extra_fee, phone_country_code, phone_number, tip_amount, subtotal, service_fee, delivery_fee, total, order_date, status) VALUES (9000021, 3102, 129, 'restaurant', NULL, 9002, 'delivery', '25-40 min', 0, '+1', '5550003102', 199, 1990, 239, 399, 2827, '2026-05-11T01:00:00.000Z', 'delivered');
INSERT INTO order_items (id, order_id, menu_item_id, quantity) VALUES (9000027, 9000021, 3843, 1), (9000028, 9000021, 3857, 1);
INSERT INTO orders (id, user_id, store_id, store_category, payment_method_id, address_id, delivery_type, delivery_time_str, extra_fee, phone_country_code, phone_number, tip_amount, subtotal, service_fee, delivery_fee, total, order_date, status) VALUES (9000022, 3102, 129, 'restaurant', NULL, 9002, 'delivery', '25-40 min', 0, '+1', '5550003102', 120, 1195, 199, 399, 1913, '2026-05-10T01:00:00.000Z', 'delivered');
INSERT INTO order_items (id, order_id, menu_item_id, quantity) VALUES (9000029, 9000022, 3853, 1);
INSERT INTO user_reviews (id, store_id, store_category, user_id, rating, content, timestamp, order_id, approval_status) VALUES (9000007, 368, 'restaurant', 3102, 1.0, 'Tried California Cafe once, didn''t land. Won''t reorder.', '2026-05-24T01:00:00.000Z', NULL, 'approved');
INSERT INTO user_reviews (id, store_id, store_category, user_id, rating, content, timestamp, order_id, approval_status) VALUES (9000008, 478, 'restaurant', 3102, 1.0, 'Tried The Coastal Mediterranean once, didn''t land. Won''t reorder.', '2026-05-22T01:00:00.000Z', NULL, 'approved');
INSERT INTO user_reviews (id, store_id, store_category, user_id, rating, content, timestamp, order_id, approval_status) VALUES (9000009, 508, 'restaurant', 3102, 5.0, 'Royal Kitchen nails it every time — go-to for Mediterranean.', '2026-05-16T01:00:00.000Z', NULL, 'approved');
INSERT INTO user_reviews (id, store_id, store_category, user_id, rating, content, timestamp, order_id, approval_status) VALUES (9000010, 129, 'restaurant', 3102, 4.0, 'Solid American from The Cheesecake Factory. Consistently good.', '2026-05-13T01:00:00.000Z', NULL, 'approved');
INSERT INTO user_reviews (id, store_id, store_category, user_id, rating, content, timestamp, order_id, approval_status) VALUES (9000011, 430, 'restaurant', 3102, 4.0, 'Solid Italian from Joe''s Ristorante. Consistently good.', '2026-05-08T01:00:00.000Z', NULL, 'approved');
INSERT INTO user_reviews (id, store_id, store_category, user_id, rating, content, timestamp, order_id, approval_status) VALUES (9000012, 440, 'restaurant', 3102, 4.0, 'Solid Italian from New Ristorante. Consistently good.', '2026-05-03T01:00:00.000Z', NULL, 'approved');

-- =====================================================
-- chloe-okafor (user 3103) — LA grad student, vegetarian, lives on Indian thalis and deals.
-- =====================================================
INSERT OR REPLACE INTO users (id, name, email, phone_number, password, country_id, avatar, is_restricted) VALUES (3103, 'Chloe Okafor', 'chloe.okafor@personas.demo', '5550003103', 'password', 2, NULL, 0);
INSERT INTO addresses (id, user_id, street, city, state, zip_code, latitude, longitude, address_type, is_default) VALUES (9003, 3103, '1645 Sunset Blvd', 'Los Angeles', 'CA', '90026', 34.0768, -118.2606, 'house', 1);
INSERT INTO user_preferences (user_id, cuisine_affinity, price_tier, dietary, spice_tolerance, novelty_appetite, delivery_time_tolerance, promo_sensitivity) VALUES (3103, '{"Indian":0.9,"Mediterranean":0.6,"Mexican":0.3}', 'budget', '["vegetarian"]', 'hot', 0.5, 'quick', 'high');
INSERT INTO orders (id, user_id, store_id, store_category, payment_method_id, address_id, delivery_type, delivery_time_str, extra_fee, phone_country_code, phone_number, tip_amount, subtotal, service_fee, delivery_fee, total, order_date, status) VALUES (9000023, 3103, 468, 'restaurant', NULL, 9003, 'delivery', '25-40 min', 0, '+1', '5550003103', 48, 479, 199, 399, 1125, '2026-05-28T01:00:00.000Z', 'delivered');
INSERT INTO order_items (id, order_id, menu_item_id, quantity) VALUES (9000030, 9000023, 9840, 1);
INSERT INTO orders (id, user_id, store_id, store_category, payment_method_id, address_id, delivery_type, delivery_time_str, extra_fee, phone_country_code, phone_number, tip_amount, subtotal, service_fee, delivery_fee, total, order_date, status) VALUES (9000024, 3103, 468, 'restaurant', NULL, 9003, 'delivery', '25-40 min', 0, '+1', '5550003103', 152, 1518, 199, 399, 2268, '2026-05-25T01:00:00.000Z', 'delivered');
INSERT INTO order_items (id, order_id, menu_item_id, quantity) VALUES (9000031, 9000024, 9850, 1), (9000032, 9000024, 9852, 1);
INSERT INTO orders (id, user_id, store_id, store_category, payment_method_id, address_id, delivery_type, delivery_time_str, extra_fee, phone_country_code, phone_number, tip_amount, subtotal, service_fee, delivery_fee, total, order_date, status) VALUES (9000025, 3103, 468, 'restaurant', NULL, 9003, 'delivery', '25-40 min', 0, '+1', '5550003103', 150, 1499, 199, 399, 2247, '2026-05-23T01:00:00.000Z', 'delivered');
INSERT INTO order_items (id, order_id, menu_item_id, quantity) VALUES (9000033, 9000025, 9852, 1), (9000034, 9000025, 9854, 1);
INSERT INTO orders (id, user_id, store_id, store_category, payment_method_id, address_id, delivery_type, delivery_time_str, extra_fee, phone_country_code, phone_number, tip_amount, subtotal, service_fee, delivery_fee, total, order_date, status) VALUES (9000026, 3103, 458, 'restaurant', NULL, 9003, 'delivery', '25-40 min', 0, '+1', '5550003103', 158, 1579, 199, 399, 2335, '2026-05-21T01:00:00.000Z', 'delivered');
INSERT INTO order_items (id, order_id, menu_item_id, quantity) VALUES (9000035, 9000026, 9684, 1), (9000036, 9000026, 9694, 1);
INSERT INTO orders (id, user_id, store_id, store_category, payment_method_id, address_id, delivery_type, delivery_time_str, extra_fee, phone_country_code, phone_number, tip_amount, subtotal, service_fee, delivery_fee, total, order_date, status) VALUES (9000027, 3103, 458, 'restaurant', NULL, 9003, 'delivery', '25-40 min', 0, '+1', '5550003103', 30, 300, 199, 399, 928, '2026-05-18T01:00:00.000Z', 'delivered');
INSERT INTO order_items (id, order_id, menu_item_id, quantity) VALUES (9000037, 9000027, 9691, 1);
INSERT INTO orders (id, user_id, store_id, store_category, payment_method_id, address_id, delivery_type, delivery_time_str, extra_fee, phone_country_code, phone_number, tip_amount, subtotal, service_fee, delivery_fee, total, order_date, status) VALUES (9000028, 3103, 513, 'restaurant', NULL, 9003, 'delivery', '25-40 min', 0, '+1', '5550003103', 32, 319, 199, 399, 949, '2026-05-17T01:00:00.000Z', 'delivered');
INSERT INTO order_items (id, order_id, menu_item_id, quantity) VALUES (9000038, 9000028, 10526, 1);
INSERT INTO orders (id, user_id, store_id, store_category, payment_method_id, address_id, delivery_type, delivery_time_str, extra_fee, phone_country_code, phone_number, tip_amount, subtotal, service_fee, delivery_fee, total, order_date, status) VALUES (9000029, 3103, 426, 'restaurant', NULL, 9003, 'delivery', '25-40 min', 0, '+1', '5550003103', 30, 300, 199, 399, 928, '2026-05-14T01:00:00.000Z', 'delivered');
INSERT INTO order_items (id, order_id, menu_item_id, quantity) VALUES (9000039, 9000029, 9221, 1);
INSERT INTO orders (id, user_id, store_id, store_category, payment_method_id, address_id, delivery_type, delivery_time_str, extra_fee, phone_country_code, phone_number, tip_amount, subtotal, service_fee, delivery_fee, total, order_date, status) VALUES (9000030, 3103, 426, 'restaurant', NULL, 9003, 'delivery', '25-40 min', 0, '+1', '5550003103', 160, 1599, 199, 399, 2357, '2026-05-11T01:00:00.000Z', 'delivered');
INSERT INTO order_items (id, order_id, menu_item_id, quantity) VALUES (9000040, 9000030, 9219, 1);
INSERT INTO orders (id, user_id, store_id, store_category, payment_method_id, address_id, delivery_type, delivery_time_str, extra_fee, phone_country_code, phone_number, tip_amount, subtotal, service_fee, delivery_fee, total, order_date, status) VALUES (9000031, 3103, 509, 'restaurant', NULL, 9003, 'delivery', '25-40 min', 0, '+1', '5550003103', 30, 300, 199, 399, 928, '2026-05-10T01:00:00.000Z', 'delivered');
INSERT INTO order_items (id, order_id, menu_item_id, quantity) VALUES (9000041, 9000031, 10470, 1);
INSERT INTO orders (id, user_id, store_id, store_category, payment_method_id, address_id, delivery_type, delivery_time_str, extra_fee, phone_country_code, phone_number, tip_amount, subtotal, service_fee, delivery_fee, total, order_date, status) VALUES (9000032, 3103, 546, 'restaurant', NULL, 9003, 'delivery', '25-40 min', 0, '+1', '5550003103', 120, 1198, 199, 399, 1916, '2026-05-08T01:00:00.000Z', 'delivered');
INSERT INTO order_items (id, order_id, menu_item_id, quantity) VALUES (9000042, 9000032, 11018, 1), (9000043, 9000032, 11005, 1);
INSERT INTO orders (id, user_id, store_id, store_category, payment_method_id, address_id, delivery_type, delivery_time_str, extra_fee, phone_country_code, phone_number, tip_amount, subtotal, service_fee, delivery_fee, total, order_date, status) VALUES (9000033, 3103, 546, 'restaurant', NULL, 9003, 'delivery', '25-40 min', 0, '+1', '5550003103', 60, 600, 199, 399, 1258, '2026-05-07T01:00:00.000Z', 'delivered');
INSERT INTO order_items (id, order_id, menu_item_id, quantity) VALUES (9000044, 9000033, 11020, 1), (9000045, 9000033, 11017, 1);
INSERT INTO user_reviews (id, store_id, store_category, user_id, rating, content, timestamp, order_id, approval_status) VALUES (9000013, 513, 'restaurant', 3103, 2.0, 'South''s Curry House was underwhelming — kitchen seemed off the night I ordered.', '2026-05-24T01:00:00.000Z', NULL, 'approved');
INSERT INTO user_reviews (id, store_id, store_category, user_id, rating, content, timestamp, order_id, approval_status) VALUES (9000014, 509, 'restaurant', 3103, 2.0, 'South''s Kitchen was underwhelming — kitchen seemed off the night I ordered.', '2026-05-21T01:00:00.000Z', NULL, 'approved');
INSERT INTO user_reviews (id, store_id, store_category, user_id, rating, content, timestamp, order_id, approval_status) VALUES (9000015, 426, 'restaurant', 3103, 4.0, 'Solid Mediterranean from Sams'' Grill. Consistently good.', '2026-05-18T01:00:00.000Z', NULL, 'approved');
INSERT INTO user_reviews (id, store_id, store_category, user_id, rating, content, timestamp, order_id, approval_status) VALUES (9000016, 468, 'restaurant', 3103, 5.0, 'Tandoor by West nails it every time — go-to for Indian.', '2026-05-16T01:00:00.000Z', NULL, 'approved');
INSERT INTO user_reviews (id, store_id, store_category, user_id, rating, content, timestamp, order_id, approval_status) VALUES (9000017, 546, 'restaurant', 3103, 5.0, 'Maria''s Taqueria nails it every time — go-to for Mexican.', '2026-05-13T01:00:00.000Z', NULL, 'approved');
INSERT INTO user_reviews (id, store_id, store_category, user_id, rating, content, timestamp, order_id, approval_status) VALUES (9000018, 458, 'restaurant', 3103, 4.0, 'Solid Indian from Harbor''s Indian Grill. Consistently good.', '2026-05-07T01:00:00.000Z', NULL, 'approved');

-- =====================================================
-- diego-mendoza (user 3104) — LA plumber, weeknight tacos and Wednesday wings, quick delivery only.
-- =====================================================
INSERT OR REPLACE INTO users (id, name, email, phone_number, password, country_id, avatar, is_restricted) VALUES (3104, 'Diego Mendoza', 'diego.mendoza@personas.demo', '5550003104', 'password', 2, NULL, 0);
INSERT INTO addresses (id, user_id, street, city, state, zip_code, latitude, longitude, address_type, is_default) VALUES (9004, 3104, '1500 Pico Blvd', 'Los Angeles', 'CA', '90015', 34.0418, -118.2752, 'house', 1);
INSERT INTO user_preferences (user_id, cuisine_affinity, price_tier, dietary, spice_tolerance, novelty_appetite, delivery_time_tolerance, promo_sensitivity) VALUES (3104, '{"Mexican":0.9,"American":0.5}', 'mid', '[]', 'medium', 0.3, 'quick', 'mid');
INSERT INTO orders (id, user_id, store_id, store_category, payment_method_id, address_id, delivery_type, delivery_time_str, extra_fee, phone_country_code, phone_number, tip_amount, subtotal, service_fee, delivery_fee, total, order_date, status) VALUES (9000034, 3104, 495, 'restaurant', NULL, 9004, 'delivery', '25-40 min', 0, '+1', '5550003104', 140, 1399, 199, 399, 2137, '2026-05-28T01:00:00.000Z', 'delivered');
INSERT INTO order_items (id, order_id, menu_item_id, quantity) VALUES (9000046, 9000034, 10250, 1);
INSERT INTO orders (id, user_id, store_id, store_category, payment_method_id, address_id, delivery_type, delivery_time_str, extra_fee, phone_country_code, phone_number, tip_amount, subtotal, service_fee, delivery_fee, total, order_date, status) VALUES (9000035, 3104, 495, 'restaurant', NULL, 9004, 'delivery', '25-40 min', 0, '+1', '5550003104', 220, 2198, 264, 399, 3081, '2026-05-26T01:00:00.000Z', 'delivered');
INSERT INTO order_items (id, order_id, menu_item_id, quantity) VALUES (9000047, 9000035, 10246, 1), (9000048, 9000035, 10251, 1);
INSERT INTO orders (id, user_id, store_id, store_category, payment_method_id, address_id, delivery_type, delivery_time_str, extra_fee, phone_country_code, phone_number, tip_amount, subtotal, service_fee, delivery_fee, total, order_date, status) VALUES (9000036, 3104, 495, 'restaurant', NULL, 9004, 'delivery', '25-40 min', 0, '+1', '5550003104', 70, 699, 199, 399, 1367, '2026-05-23T01:00:00.000Z', 'delivered');
INSERT INTO order_items (id, order_id, menu_item_id, quantity) VALUES (9000049, 9000036, 10256, 1);
INSERT INTO orders (id, user_id, store_id, store_category, payment_method_id, address_id, delivery_type, delivery_time_str, extra_fee, phone_country_code, phone_number, tip_amount, subtotal, service_fee, delivery_fee, total, order_date, status) VALUES (9000037, 3104, 104, 'restaurant', NULL, 9004, 'delivery', '25-40 min', 0, '+1', '5550003104', 110, 1095, 199, 399, 1803, '2026-05-22T01:00:00.000Z', 'delivered');
INSERT INTO order_items (id, order_id, menu_item_id, quantity) VALUES (9000050, 9000037, 3487, 1);
INSERT INTO orders (id, user_id, store_id, store_category, payment_method_id, address_id, delivery_type, delivery_time_str, extra_fee, phone_country_code, phone_number, tip_amount, subtotal, service_fee, delivery_fee, total, order_date, status) VALUES (9000038, 3104, 104, 'restaurant', NULL, 9004, 'delivery', '25-40 min', 0, '+1', '5550003104', 100, 995, 199, 399, 1693, '2026-05-21T01:00:00.000Z', 'delivered');
INSERT INTO order_items (id, order_id, menu_item_id, quantity) VALUES (9000051, 9000038, 3490, 1);
INSERT INTO orders (id, user_id, store_id, store_category, payment_method_id, address_id, delivery_type, delivery_time_str, extra_fee, phone_country_code, phone_number, tip_amount, subtotal, service_fee, delivery_fee, total, order_date, status) VALUES (9000039, 3104, 404, 'restaurant', NULL, 9004, 'delivery', '25-40 min', 0, '+1', '5550003104', 180, 1799, 216, 399, 2594, '2026-05-19T01:00:00.000Z', 'delivered');
INSERT INTO order_items (id, order_id, menu_item_id, quantity) VALUES (9000052, 9000039, 8900, 1), (9000053, 9000039, 8892, 1);
INSERT INTO orders (id, user_id, store_id, store_category, payment_method_id, address_id, delivery_type, delivery_time_str, extra_fee, phone_country_code, phone_number, tip_amount, subtotal, service_fee, delivery_fee, total, order_date, status) VALUES (9000040, 3104, 161, 'restaurant', NULL, 9004, 'delivery', '25-40 min', 0, '+1', '5550003104', 120, 1199, 199, 399, 1917, '2026-05-17T01:00:00.000Z', 'delivered');
INSERT INTO order_items (id, order_id, menu_item_id, quantity) VALUES (9000054, 9000040, 4300, 1);
INSERT INTO orders (id, user_id, store_id, store_category, payment_method_id, address_id, delivery_type, delivery_time_str, extra_fee, phone_country_code, phone_number, tip_amount, subtotal, service_fee, delivery_fee, total, order_date, status) VALUES (9000041, 3104, 161, 'restaurant', NULL, 9004, 'delivery', '25-40 min', 0, '+1', '5550003104', 130, 1299, 199, 399, 2027, '2026-05-16T01:00:00.000Z', 'delivered');
INSERT INTO order_items (id, order_id, menu_item_id, quantity) VALUES (9000055, 9000041, 4296, 1);
INSERT INTO orders (id, user_id, store_id, store_category, payment_method_id, address_id, delivery_type, delivery_time_str, extra_fee, phone_country_code, phone_number, tip_amount, subtotal, service_fee, delivery_fee, total, order_date, status) VALUES (9000042, 3104, 161, 'restaurant', NULL, 9004, 'delivery', '25-40 min', 0, '+1', '5550003104', 120, 1199, 199, 399, 1917, '2026-05-14T01:00:00.000Z', 'delivered');
INSERT INTO order_items (id, order_id, menu_item_id, quantity) VALUES (9000056, 9000042, 4300, 1);
INSERT INTO orders (id, user_id, store_id, store_category, payment_method_id, address_id, delivery_type, delivery_time_str, extra_fee, phone_country_code, phone_number, tip_amount, subtotal, service_fee, delivery_fee, total, order_date, status) VALUES (9000043, 3104, 441, 'restaurant', NULL, 9004, 'delivery', '25-40 min', 0, '+1', '5550003104', 260, 2598, 312, 399, 3569, '2026-05-12T01:00:00.000Z', 'delivered');
INSERT INTO order_items (id, order_id, menu_item_id, quantity) VALUES (9000057, 9000043, 9436, 1), (9000058, 9000043, 9440, 1);
INSERT INTO user_reviews (id, store_id, store_category, user_id, rating, content, timestamp, order_id, approval_status) VALUES (9000019, 404, 'restaurant', 3104, 2.0, 'Coastal Mexicana was underwhelming — kitchen seemed off the night I ordered.', '2026-05-24T01:00:00.000Z', NULL, 'approved');
INSERT INTO user_reviews (id, store_id, store_category, user_id, rating, content, timestamp, order_id, approval_status) VALUES (9000020, 441, 'restaurant', 3104, 1.0, 'Tried The Classic Grill once, didn''t land. Won''t reorder.', '2026-05-18T01:00:00.000Z', NULL, 'approved');
INSERT INTO user_reviews (id, store_id, store_category, user_id, rating, content, timestamp, order_id, approval_status) VALUES (9000021, 104, 'restaurant', 3104, 4.0, 'Solid Mexican from Chipotle Mexican Grill. Consistently good.', '2026-05-13T01:00:00.000Z', NULL, 'approved');
INSERT INTO user_reviews (id, store_id, store_category, user_id, rating, content, timestamp, order_id, approval_status) VALUES (9000022, 495, 'restaurant', 3104, 4.0, 'Solid Mexican from Old''s Kitchen. Consistently good.', '2026-05-11T01:00:00.000Z', NULL, 'approved');
INSERT INTO user_reviews (id, store_id, store_category, user_id, rating, content, timestamp, order_id, approval_status) VALUES (9000023, 161, 'restaurant', 3104, 4.0, 'Solid American from Anaheim Packing House. Consistently good.', '2026-05-09T01:00:00.000Z', NULL, 'approved');

-- =====================================================
-- eli-nakamura (user 3105) — Williamsburg food explorer, will try anything if the rating is above 4.3.
-- =====================================================
INSERT OR REPLACE INTO users (id, name, email, phone_number, password, country_id, avatar, is_restricted) VALUES (3105, 'Eli Nakamura', 'eli.nakamura@personas.demo', '5550003105', 'password', 2, NULL, 0);
INSERT INTO addresses (id, user_id, street, city, state, zip_code, latitude, longitude, address_type, is_default) VALUES (9005, 3105, '65 N 6th St', 'Brooklyn', 'NY', '11249', 40.7173, -73.9606, 'house', 1);
INSERT INTO user_preferences (user_id, cuisine_affinity, price_tier, dietary, spice_tolerance, novelty_appetite, delivery_time_tolerance, promo_sensitivity) VALUES (3105, '{"Japanese":0.9,"Korean":0.7,"Chinese":0.4}', 'premium', '[]', 'medium', 0.9, 'flexible', 'low');
INSERT INTO orders (id, user_id, store_id, store_category, payment_method_id, address_id, delivery_type, delivery_time_str, extra_fee, phone_country_code, phone_number, tip_amount, subtotal, service_fee, delivery_fee, total, order_date, status) VALUES (9000044, 3105, 312, 'restaurant', NULL, 9005, 'delivery', '25-40 min', 0, '+1', '5550003105', 104, 1038, 199, 399, 1740, '2026-05-28T01:00:00.000Z', 'delivered');
INSERT INTO order_items (id, order_id, menu_item_id, quantity) VALUES (9000059, 9000044, 7262, 1);
INSERT INTO orders (id, user_id, store_id, store_category, payment_method_id, address_id, delivery_type, delivery_time_str, extra_fee, phone_country_code, phone_number, tip_amount, subtotal, service_fee, delivery_fee, total, order_date, status) VALUES (9000045, 3105, 312, 'restaurant', NULL, 9005, 'delivery', '25-40 min', 0, '+1', '5550003105', 312, 3116, 374, 399, 4201, '2026-05-25T01:00:00.000Z', 'delivered');
INSERT INTO order_items (id, order_id, menu_item_id, quantity) VALUES (9000060, 9000045, 7262, 1), (9000061, 9000045, 7276, 1);
INSERT INTO orders (id, user_id, store_id, store_category, payment_method_id, address_id, delivery_type, delivery_time_str, extra_fee, phone_country_code, phone_number, tip_amount, subtotal, service_fee, delivery_fee, total, order_date, status) VALUES (9000046, 3105, 312, 'restaurant', NULL, 9005, 'delivery', '25-40 min', 0, '+1', '5550003105', 351, 3506, 421, 399, 4677, '2026-05-24T01:00:00.000Z', 'delivered');
INSERT INTO order_items (id, order_id, menu_item_id, quantity) VALUES (9000062, 9000046, 7275, 1), (9000063, 9000046, 7265, 1);
INSERT INTO orders (id, user_id, store_id, store_category, payment_method_id, address_id, delivery_type, delivery_time_str, extra_fee, phone_country_code, phone_number, tip_amount, subtotal, service_fee, delivery_fee, total, order_date, status) VALUES (9000047, 3105, 303, 'restaurant', NULL, 9005, 'delivery', '25-40 min', 0, '+1', '5550003105', 144, 1438, 199, 399, 2180, '2026-05-22T01:00:00.000Z', 'delivered');
INSERT INTO order_items (id, order_id, menu_item_id, quantity) VALUES (9000064, 9000047, 7082, 1);
INSERT INTO orders (id, user_id, store_id, store_category, payment_method_id, address_id, delivery_type, delivery_time_str, extra_fee, phone_country_code, phone_number, tip_amount, subtotal, service_fee, delivery_fee, total, order_date, status) VALUES (9000048, 3105, 303, 'restaurant', NULL, 9005, 'delivery', '25-40 min', 0, '+1', '5550003105', 216, 2158, 259, 399, 3032, '2026-05-20T01:00:00.000Z', 'delivered');
INSERT INTO order_items (id, order_id, menu_item_id, quantity) VALUES (9000065, 9000048, 7090, 1);
INSERT INTO orders (id, user_id, store_id, store_category, payment_method_id, address_id, delivery_type, delivery_time_str, extra_fee, phone_country_code, phone_number, tip_amount, subtotal, service_fee, delivery_fee, total, order_date, status) VALUES (9000049, 3105, 197, 'restaurant', NULL, 9005, 'delivery', '25-40 min', 0, '+1', '5550003105', 154, 1538, 199, 399, 2290, '2026-05-17T01:00:00.000Z', 'delivered');
INSERT INTO order_items (id, order_id, menu_item_id, quantity) VALUES (9000066, 9000049, 5000, 1), (9000067, 9000049, 5016, 1);
INSERT INTO orders (id, user_id, store_id, store_category, payment_method_id, address_id, delivery_type, delivery_time_str, extra_fee, phone_country_code, phone_number, tip_amount, subtotal, service_fee, delivery_fee, total, order_date, status) VALUES (9000050, 3105, 333, 'restaurant', NULL, 9005, 'delivery', '25-40 min', 0, '+1', '5550003105', 80, 800, 199, 399, 1478, '2026-05-15T01:00:00.000Z', 'delivered');
INSERT INTO order_items (id, order_id, menu_item_id, quantity) VALUES (9000068, 9000050, 7693, 1);
INSERT INTO orders (id, user_id, store_id, store_category, payment_method_id, address_id, delivery_type, delivery_time_str, extra_fee, phone_country_code, phone_number, tip_amount, subtotal, service_fee, delivery_fee, total, order_date, status) VALUES (9000051, 3105, 333, 'restaurant', NULL, 9005, 'delivery', '25-40 min', 0, '+1', '5550003105', 432, 4316, 518, 399, 5665, '2026-05-12T01:00:00.000Z', 'delivered');
INSERT INTO order_items (id, order_id, menu_item_id, quantity) VALUES (9000069, 9000051, 7686, 1), (9000070, 9000051, 7681, 1);
INSERT INTO orders (id, user_id, store_id, store_category, payment_method_id, address_id, delivery_type, delivery_time_str, extra_fee, phone_country_code, phone_number, tip_amount, subtotal, service_fee, delivery_fee, total, order_date, status) VALUES (9000052, 3105, 333, 'restaurant', NULL, 9005, 'delivery', '25-40 min', 0, '+1', '5550003105', 594, 5936, 712, 399, 7641, '2026-05-09T01:00:00.000Z', 'delivered');
INSERT INTO order_items (id, order_id, menu_item_id, quantity) VALUES (9000071, 9000052, 7682, 1), (9000072, 9000052, 7687, 1);
INSERT INTO orders (id, user_id, store_id, store_category, payment_method_id, address_id, delivery_type, delivery_time_str, extra_fee, phone_country_code, phone_number, tip_amount, subtotal, service_fee, delivery_fee, total, order_date, status) VALUES (9000053, 3105, 163, 'restaurant', NULL, 9005, 'delivery', '25-40 min', 0, '+1', '5550003105', 383, 3831, 460, 399, 5073, '2026-05-07T01:00:00.000Z', 'delivered');
INSERT INTO order_items (id, order_id, menu_item_id, quantity) VALUES (9000073, 9000053, 4336, 1), (9000074, 9000053, 4331, 1);
INSERT INTO orders (id, user_id, store_id, store_category, payment_method_id, address_id, delivery_type, delivery_time_str, extra_fee, phone_country_code, phone_number, tip_amount, subtotal, service_fee, delivery_fee, total, order_date, status) VALUES (9000054, 3105, 251, 'restaurant', NULL, 9005, 'delivery', '25-40 min', 0, '+1', '5550003105', 247, 2466, 296, 399, 3408, '2026-05-06T01:00:00.000Z', 'delivered');
INSERT INTO order_items (id, order_id, menu_item_id, quantity) VALUES (9000075, 9000054, 6056, 1), (9000076, 9000054, 6059, 1);
INSERT INTO user_reviews (id, store_id, store_category, user_id, rating, content, timestamp, order_id, approval_status) VALUES (9000024, 197, 'restaurant', 3105, 1.0, 'Tried New Izakaya once, didn''t land. Won''t reorder.', '2026-05-24T01:00:00.000Z', NULL, 'approved');
INSERT INTO user_reviews (id, store_id, store_category, user_id, rating, content, timestamp, order_id, approval_status) VALUES (9000025, 163, 'restaurant', 3105, 2.0, 'The Papa''s Korean was underwhelming — kitchen seemed off the night I ordered.', '2026-05-21T01:00:00.000Z', NULL, 'approved');
INSERT INTO user_reviews (id, store_id, store_category, user_id, rating, content, timestamp, order_id, approval_status) VALUES (9000026, 303, 'restaurant', 3105, 4.0, 'Solid Japanese from Mama''s House. Consistently good.', '2026-05-18T01:00:00.000Z', NULL, 'approved');
INSERT INTO user_reviews (id, store_id, store_category, user_id, rating, content, timestamp, order_id, approval_status) VALUES (9000027, 251, 'restaurant', 3105, 5.0, 'The Empire Restaurant nails it every time — go-to for Chinese.', '2026-05-13T01:00:00.000Z', NULL, 'approved');
INSERT INTO user_reviews (id, store_id, store_category, user_id, rating, content, timestamp, order_id, approval_status) VALUES (9000028, 333, 'restaurant', 3105, 4.0, 'Solid Korean from Central Seoul Kitchen. Consistently good.', '2026-05-08T01:00:00.000Z', NULL, 'approved');

-- =====================================================
-- fatima-rashid (user 3106) — Brooklyn family of four, halal-only, big Sunday orders for the household.
-- =====================================================
INSERT OR REPLACE INTO users (id, name, email, phone_number, password, country_id, avatar, is_restricted) VALUES (3106, 'Fatima Rashid', 'fatima.rashid@personas.demo', '5550003106', 'password', 2, NULL, 0);
INSERT INTO addresses (id, user_id, street, city, state, zip_code, latitude, longitude, address_type, is_default) VALUES (9006, 3106, '2055 Coney Island Ave', 'Brooklyn', 'NY', '11223', 40.6035, -73.9618, 'house', 1);
INSERT INTO user_preferences (user_id, cuisine_affinity, price_tier, dietary, spice_tolerance, novelty_appetite, delivery_time_tolerance, promo_sensitivity) VALUES (3106, '{"Mediterranean":0.85,"Mexican":0.5,"American":0.4}', 'mid', '["halal"]', 'medium', 0.4, 'flexible', 'high');
INSERT INTO user_family (user_id, adults, kids, kid_ages, shared_dietary, kid_friendly_required, notes) VALUES (3106, 2, 2, '[5,9]', '["halal"]', 1, 'Sunday family-night is the big order; weekdays are usually solo lunches.');
INSERT INTO orders (id, user_id, store_id, store_category, payment_method_id, address_id, delivery_type, delivery_time_str, extra_fee, phone_country_code, phone_number, tip_amount, subtotal, service_fee, delivery_fee, total, order_date, status) VALUES (9000055, 3106, 88, 'restaurant', NULL, 9006, 'delivery', '25-40 min', 0, '+1', '5550003106', 670, 6700, 804, 399, 8573, '2026-05-28T01:00:00.000Z', 'delivered');
INSERT INTO order_items (id, order_id, menu_item_id, quantity) VALUES (9000077, 9000055, 2979, 2), (9000078, 9000055, 3003, 1);
INSERT INTO orders (id, user_id, store_id, store_category, payment_method_id, address_id, delivery_type, delivery_time_str, extra_fee, phone_country_code, phone_number, tip_amount, subtotal, service_fee, delivery_fee, total, order_date, status) VALUES (9000056, 3106, 88, 'restaurant', NULL, 9006, 'delivery', '25-40 min', 0, '+1', '5550003106', 460, 4600, 552, 399, 6011, '2026-05-27T01:00:00.000Z', 'delivered');
INSERT INTO order_items (id, order_id, menu_item_id, quantity) VALUES (9000079, 9000056, 2987, 2), (9000080, 9000056, 2990, 2);
INSERT INTO orders (id, user_id, store_id, store_category, payment_method_id, address_id, delivery_type, delivery_time_str, extra_fee, phone_country_code, phone_number, tip_amount, subtotal, service_fee, delivery_fee, total, order_date, status) VALUES (9000057, 3106, 88, 'restaurant', NULL, 9006, 'delivery', '25-40 min', 0, '+1', '5550003106', 980, 9800, 1176, 399, 12355, '2026-05-26T01:00:00.000Z', 'delivered');
INSERT INTO order_items (id, order_id, menu_item_id, quantity) VALUES (9000081, 9000057, 2980, 1), (9000082, 9000057, 3206, 1), (9000083, 9000057, 2990, 2), (9000084, 9000057, 2988, 2);
INSERT INTO orders (id, user_id, store_id, store_category, payment_method_id, address_id, delivery_type, delivery_time_str, extra_fee, phone_country_code, phone_number, tip_amount, subtotal, service_fee, delivery_fee, total, order_date, status) VALUES (9000058, 3106, 263, 'restaurant', NULL, 9006, 'delivery', '25-40 min', 0, '+1', '5550003106', 385, 3847, 462, 399, 5093, '2026-05-24T01:00:00.000Z', 'delivered');
INSERT INTO order_items (id, order_id, menu_item_id, quantity) VALUES (9000085, 9000058, 6297, 1), (9000086, 9000058, 6305, 1), (9000087, 9000058, 6293, 2), (9000088, 9000058, 6302, 2);
INSERT INTO orders (id, user_id, store_id, store_category, payment_method_id, address_id, delivery_type, delivery_time_str, extra_fee, phone_country_code, phone_number, tip_amount, subtotal, service_fee, delivery_fee, total, order_date, status) VALUES (9000059, 3106, 263, 'restaurant', NULL, 9006, 'delivery', '25-40 min', 0, '+1', '5550003106', 280, 2799, 336, 399, 3814, '2026-05-22T01:00:00.000Z', 'delivered');
INSERT INTO order_items (id, order_id, menu_item_id, quantity) VALUES (9000089, 9000059, 6302, 2), (9000090, 9000059, 6299, 1);
INSERT INTO orders (id, user_id, store_id, store_category, payment_method_id, address_id, delivery_type, delivery_time_str, extra_fee, phone_country_code, phone_number, tip_amount, subtotal, service_fee, delivery_fee, total, order_date, status) VALUES (9000060, 3106, 299, 'restaurant', NULL, 9006, 'delivery', '25-40 min', 0, '+1', '5550003106', 670, 6696, 804, 399, 8569, '2026-05-21T01:00:00.000Z', 'delivered');
INSERT INTO order_items (id, order_id, menu_item_id, quantity) VALUES (9000091, 9000060, 7011, 2), (9000092, 9000060, 7008, 1), (9000093, 9000060, 7013, 1), (9000094, 9000060, 7018, 2);
INSERT INTO orders (id, user_id, store_id, store_category, payment_method_id, address_id, delivery_type, delivery_time_str, extra_fee, phone_country_code, phone_number, tip_amount, subtotal, service_fee, delivery_fee, total, order_date, status) VALUES (9000061, 3106, 234, 'restaurant', NULL, 9006, 'delivery', '25-40 min', 0, '+1', '5550003106', 589, 5894, 707, 399, 7589, '2026-05-20T01:00:00.000Z', 'delivered');
INSERT INTO order_items (id, order_id, menu_item_id, quantity) VALUES (9000095, 9000061, 5739, 2), (9000096, 9000061, 5727, 2), (9000097, 9000061, 5735, 2), (9000098, 9000061, 5724, 2);
INSERT INTO orders (id, user_id, store_id, store_category, payment_method_id, address_id, delivery_type, delivery_time_str, extra_fee, phone_country_code, phone_number, tip_amount, subtotal, service_fee, delivery_fee, total, order_date, status) VALUES (9000062, 3106, 103, 'restaurant', NULL, 9006, 'delivery', '25-40 min', 0, '+1', '5550003106', 279, 2785, 334, 399, 3797, '2026-05-18T01:00:00.000Z', 'delivered');
INSERT INTO order_items (id, order_id, menu_item_id, quantity) VALUES (9000099, 9000062, 3476, 1), (9000100, 9000062, 3475, 2);
INSERT INTO orders (id, user_id, store_id, store_category, payment_method_id, address_id, delivery_type, delivery_time_str, extra_fee, phone_country_code, phone_number, tip_amount, subtotal, service_fee, delivery_fee, total, order_date, status) VALUES (9000063, 3106, 103, 'restaurant', NULL, 9006, 'delivery', '25-40 min', 0, '+1', '5550003106', 598, 5978, 717, 399, 7692, '2026-05-15T01:00:00.000Z', 'delivered');
INSERT INTO order_items (id, order_id, menu_item_id, quantity) VALUES (9000101, 9000063, 3480, 2), (9000102, 9000063, 3469, 2), (9000103, 9000063, 3479, 2), (9000104, 9000063, 3474, 2);
INSERT INTO orders (id, user_id, store_id, store_category, payment_method_id, address_id, delivery_type, delivery_time_str, extra_fee, phone_country_code, phone_number, tip_amount, subtotal, service_fee, delivery_fee, total, order_date, status) VALUES (9000064, 3106, 103, 'restaurant', NULL, 9006, 'delivery', '25-40 min', 0, '+1', '5550003106', 607, 6065, 728, 399, 7799, '2026-05-14T01:00:00.000Z', 'delivered');
INSERT INTO order_items (id, order_id, menu_item_id, quantity) VALUES (9000105, 9000064, 3475, 2), (9000106, 9000064, 3467, 1), (9000107, 9000064, 3471, 2), (9000108, 9000064, 3477, 2);
INSERT INTO orders (id, user_id, store_id, store_category, payment_method_id, address_id, delivery_type, delivery_time_str, extra_fee, phone_country_code, phone_number, tip_amount, subtotal, service_fee, delivery_fee, total, order_date, status) VALUES (9000065, 3106, 171, 'restaurant', NULL, 9006, 'delivery', '25-40 min', 0, '+1', '5550003106', 170, 1699, 204, 399, 2472, '2026-05-12T01:00:00.000Z', 'delivered');
INSERT INTO order_items (id, order_id, menu_item_id, quantity) VALUES (9000109, 9000065, 4488, 1), (9000110, 9000065, 4498, 1);
INSERT INTO orders (id, user_id, store_id, store_category, payment_method_id, address_id, delivery_type, delivery_time_str, extra_fee, phone_country_code, phone_number, tip_amount, subtotal, service_fee, delivery_fee, total, order_date, status) VALUES (9000066, 3106, 178, 'restaurant', NULL, 9006, 'delivery', '25-40 min', 0, '+1', '5550003106', 440, 4397, 528, 399, 5764, '2026-05-10T01:00:00.000Z', 'delivered');
INSERT INTO order_items (id, order_id, menu_item_id, quantity) VALUES (9000111, 9000066, 4631, 1), (9000112, 9000066, 4632, 2);
INSERT INTO orders (id, user_id, store_id, store_category, payment_method_id, address_id, delivery_type, delivery_time_str, extra_fee, phone_country_code, phone_number, tip_amount, subtotal, service_fee, delivery_fee, total, order_date, status) VALUES (9000067, 3106, 178, 'restaurant', NULL, 9006, 'delivery', '25-40 min', 0, '+1', '5550003106', 370, 3697, 444, 399, 4910, '2026-05-07T01:00:00.000Z', 'delivered');
INSERT INTO order_items (id, order_id, menu_item_id, quantity) VALUES (9000113, 9000067, 4636, 2), (9000114, 9000067, 4629, 1);
INSERT INTO orders (id, user_id, store_id, store_category, payment_method_id, address_id, delivery_type, delivery_time_str, extra_fee, phone_country_code, phone_number, tip_amount, subtotal, service_fee, delivery_fee, total, order_date, status) VALUES (9000068, 3106, 178, 'restaurant', NULL, 9006, 'delivery', '25-40 min', 0, '+1', '5550003106', 490, 4896, 588, 399, 6373, '2026-05-04T01:00:00.000Z', 'delivered');
INSERT INTO order_items (id, order_id, menu_item_id, quantity) VALUES (9000115, 9000068, 4638, 2), (9000116, 9000068, 4637, 2);
INSERT INTO orders (id, user_id, store_id, store_category, payment_method_id, address_id, delivery_type, delivery_time_str, extra_fee, phone_country_code, phone_number, tip_amount, subtotal, service_fee, delivery_fee, total, order_date, status) VALUES (9000069, 3106, 313, 'restaurant', NULL, 9006, 'delivery', '25-40 min', 0, '+1', '5550003106', 480, 4797, 576, 399, 6252, '2026-05-02T01:00:00.000Z', 'delivered');
INSERT INTO order_items (id, order_id, menu_item_id, quantity) VALUES (9000117, 9000069, 7287, 1), (9000118, 9000069, 7297, 2), (9000119, 9000069, 7285, 2);
INSERT INTO user_reviews (id, store_id, store_category, user_id, rating, content, timestamp, order_id, approval_status) VALUES (9000029, 299, 'restaurant', 3106, 1.0, 'Tried The Joe''s House once, didn''t land. Won''t reorder.', '2026-05-24T01:00:00.000Z', NULL, 'approved');
INSERT INTO user_reviews (id, store_id, store_category, user_id, rating, content, timestamp, order_id, approval_status) VALUES (9000030, 234, 'restaurant', 3106, 2.0, 'The Mama''s Mediterranean was underwhelming — kitchen seemed off the night I ordered.', '2026-05-20T01:00:00.000Z', NULL, 'approved');
INSERT INTO user_reviews (id, store_id, store_category, user_id, rating, content, timestamp, order_id, approval_status) VALUES (9000031, 171, 'restaurant', 3106, 5.0, 'North Mexicana nails it every time — go-to for Mexican.', '2026-05-15T01:00:00.000Z', NULL, 'approved');
INSERT INTO user_reviews (id, store_id, store_category, user_id, rating, content, timestamp, order_id, approval_status) VALUES (9000032, 263, 'restaurant', 3106, 5.0, 'The Sal''s Pita House nails it every time — go-to for Mediterranean.', '2026-05-10T01:00:00.000Z', NULL, 'approved');
INSERT INTO user_reviews (id, store_id, store_category, user_id, rating, content, timestamp, order_id, approval_status) VALUES (9000033, 103, 'restaurant', 3106, 4.0, 'Solid Mexican from Chipotle Mexican Grill. Consistently good.', '2026-05-05T01:00:00.000Z', NULL, 'approved');
INSERT INTO user_reviews (id, store_id, store_category, user_id, rating, content, timestamp, order_id, approval_status) VALUES (9000034, 178, 'restaurant', 3106, 5.0, 'The House nails it every time — go-to for American.', '2026-05-02T01:00:00.000Z', NULL, 'approved');
INSERT INTO user_reviews (id, store_id, store_category, user_id, rating, content, timestamp, order_id, approval_status) VALUES (9000035, 88, 'restaurant', 3106, 5.0, 'Denver House nails it every time — go-to for Mediterranean.', '2026-04-28T01:00:00.000Z', NULL, 'approved');
INSERT INTO user_reviews (id, store_id, store_category, user_id, rating, content, timestamp, order_id, approval_status) VALUES (9000036, 313, 'restaurant', 3106, 5.0, 'The Rosa''s Tavern nails it every time — go-to for American.', '2026-04-22T01:00:00.000Z', NULL, 'approved');

-- =====================================================
-- gabe-jensen (user 3107) — Park Slope couple with a toddler, nut-free everything, kid-friendly menus only.
-- =====================================================
INSERT OR REPLACE INTO users (id, name, email, phone_number, password, country_id, avatar, is_restricted) VALUES (3107, 'Gabe Jensen', 'gabe.jensen@personas.demo', '5550003107', 'password', 2, NULL, 0);
INSERT INTO addresses (id, user_id, street, city, state, zip_code, latitude, longitude, address_type, is_default) VALUES (9007, 3107, '560 7th Ave', 'Brooklyn', 'NY', '11215', 40.6651, -73.9823, 'house', 1);
INSERT INTO user_preferences (user_id, cuisine_affinity, price_tier, dietary, spice_tolerance, novelty_appetite, delivery_time_tolerance, promo_sensitivity) VALUES (3107, '{"American":0.85,"Italian":0.6,"Mexican":0.4}', 'mid', '["nut-free"]', 'mild', 0.3, 'flexible', 'high');
INSERT INTO user_family (user_id, adults, kids, kid_ages, shared_dietary, kid_friendly_required, notes) VALUES (3107, 2, 1, '[3]', '["nut-free"]', 1, 'Toddler with a real nut allergy — nut-free is a hard block, not guidance.');
INSERT INTO orders (id, user_id, store_id, store_category, payment_method_id, address_id, delivery_type, delivery_time_str, extra_fee, phone_country_code, phone_number, tip_amount, subtotal, service_fee, delivery_fee, total, order_date, status) VALUES (9000070, 3107, 73, 'restaurant', NULL, 9007, 'delivery', '25-40 min', 0, '+1', '5550003107', 1000, 10000, 1200, 399, 12599, '2026-05-28T01:00:00.000Z', 'delivered');
INSERT INTO order_items (id, order_id, menu_item_id, quantity) VALUES (9000120, 9000070, 2476, 1), (9000121, 9000070, 2488, 2), (9000122, 9000070, 2468, 2);
INSERT INTO orders (id, user_id, store_id, store_category, payment_method_id, address_id, delivery_type, delivery_time_str, extra_fee, phone_country_code, phone_number, tip_amount, subtotal, service_fee, delivery_fee, total, order_date, status) VALUES (9000071, 3107, 73, 'restaurant', NULL, 9007, 'delivery', '25-40 min', 0, '+1', '5550003107', 440, 4400, 528, 399, 5767, '2026-05-26T01:00:00.000Z', 'delivered');
INSERT INTO order_items (id, order_id, menu_item_id, quantity) VALUES (9000123, 9000071, 2495, 1), (9000124, 9000071, 2487, 2);
INSERT INTO orders (id, user_id, store_id, store_category, payment_method_id, address_id, delivery_type, delivery_time_str, extra_fee, phone_country_code, phone_number, tip_amount, subtotal, service_fee, delivery_fee, total, order_date, status) VALUES (9000072, 3107, 73, 'restaurant', NULL, 9007, 'delivery', '25-40 min', 0, '+1', '5550003107', 860, 8600, 1032, 399, 10891, '2026-05-25T01:00:00.000Z', 'delivered');
INSERT INTO order_items (id, order_id, menu_item_id, quantity) VALUES (9000125, 9000072, 2497, 1), (9000126, 9000072, 2464, 1), (9000127, 9000072, 2495, 2), (9000128, 9000072, 2486, 1);
INSERT INTO orders (id, user_id, store_id, store_category, payment_method_id, address_id, delivery_type, delivery_time_str, extra_fee, phone_country_code, phone_number, tip_amount, subtotal, service_fee, delivery_fee, total, order_date, status) VALUES (9000073, 3107, 187, 'restaurant', NULL, 9007, 'delivery', '25-40 min', 0, '+1', '5550003107', 280, 2798, 336, 399, 3813, '2026-05-23T01:00:00.000Z', 'delivered');
INSERT INTO order_items (id, order_id, menu_item_id, quantity) VALUES (9000129, 9000073, 4817, 1), (9000130, 9000073, 4824, 2), (9000131, 9000073, 4808, 1);
INSERT INTO orders (id, user_id, store_id, store_category, payment_method_id, address_id, delivery_type, delivery_time_str, extra_fee, phone_country_code, phone_number, tip_amount, subtotal, service_fee, delivery_fee, total, order_date, status) VALUES (9000074, 3107, 187, 'restaurant', NULL, 9007, 'delivery', '25-40 min', 0, '+1', '5550003107', 410, 4097, 492, 399, 5398, '2026-05-22T01:00:00.000Z', 'delivered');
INSERT INTO order_items (id, order_id, menu_item_id, quantity) VALUES (9000132, 9000074, 4807, 1), (9000133, 9000074, 4815, 2);
INSERT INTO orders (id, user_id, store_id, store_category, payment_method_id, address_id, delivery_type, delivery_time_str, extra_fee, phone_country_code, phone_number, tip_amount, subtotal, service_fee, delivery_fee, total, order_date, status) VALUES (9000075, 3107, 345, 'restaurant', NULL, 9007, 'delivery', '25-40 min', 0, '+1', '5550003107', 745, 7445, 893, 399, 9482, '2026-05-20T01:00:00.000Z', 'delivered');
INSERT INTO order_items (id, order_id, menu_item_id, quantity) VALUES (9000134, 9000075, 7926, 2), (9000135, 9000075, 7927, 1), (9000136, 9000075, 7924, 1), (9000137, 9000075, 7923, 1);
INSERT INTO orders (id, user_id, store_id, store_category, payment_method_id, address_id, delivery_type, delivery_time_str, extra_fee, phone_country_code, phone_number, tip_amount, subtotal, service_fee, delivery_fee, total, order_date, status) VALUES (9000076, 3107, 178, 'restaurant', NULL, 9007, 'delivery', '25-40 min', 0, '+1', '5550003107', 380, 3798, 456, 399, 5033, '2026-05-18T01:00:00.000Z', 'delivered');
INSERT INTO order_items (id, order_id, menu_item_id, quantity) VALUES (9000138, 9000076, 4643, 2), (9000139, 9000076, 4632, 2);
INSERT INTO orders (id, user_id, store_id, store_category, payment_method_id, address_id, delivery_type, delivery_time_str, extra_fee, phone_country_code, phone_number, tip_amount, subtotal, service_fee, delivery_fee, total, order_date, status) VALUES (9000077, 3107, 328, 'restaurant', NULL, 9007, 'delivery', '25-40 min', 0, '+1', '5550003107', 310, 3098, 372, 399, 4179, '2026-05-17T01:00:00.000Z', 'delivered');
INSERT INTO order_items (id, order_id, menu_item_id, quantity) VALUES (9000140, 9000077, 7584, 1), (9000141, 9000077, 7577, 1);
INSERT INTO orders (id, user_id, store_id, store_category, payment_method_id, address_id, delivery_type, delivery_time_str, extra_fee, phone_country_code, phone_number, tip_amount, subtotal, service_fee, delivery_fee, total, order_date, status) VALUES (9000078, 3107, 328, 'restaurant', NULL, 9007, 'delivery', '25-40 min', 0, '+1', '5550003107', 190, 1898, 228, 399, 2715, '2026-05-16T01:00:00.000Z', 'delivered');
INSERT INTO order_items (id, order_id, menu_item_id, quantity) VALUES (9000142, 9000078, 7578, 1), (9000143, 9000078, 7575, 1);
INSERT INTO orders (id, user_id, store_id, store_category, payment_method_id, address_id, delivery_type, delivery_time_str, extra_fee, phone_country_code, phone_number, tip_amount, subtotal, service_fee, delivery_fee, total, order_date, status) VALUES (9000079, 3107, 328, 'restaurant', NULL, 9007, 'delivery', '25-40 min', 0, '+1', '5550003107', 1040, 10395, 1247, 399, 13081, '2026-05-13T01:00:00.000Z', 'delivered');
INSERT INTO order_items (id, order_id, menu_item_id, quantity) VALUES (9000144, 9000079, 7583, 2), (9000145, 9000079, 7586, 2), (9000146, 9000079, 7584, 1);
INSERT INTO orders (id, user_id, store_id, store_category, payment_method_id, address_id, delivery_type, delivery_time_str, extra_fee, phone_country_code, phone_number, tip_amount, subtotal, service_fee, delivery_fee, total, order_date, status) VALUES (9000080, 3107, 272, 'restaurant', NULL, 9007, 'delivery', '25-40 min', 0, '+1', '5550003107', 140, 1398, 199, 399, 2136, '2026-05-11T01:00:00.000Z', 'delivered');
INSERT INTO order_items (id, order_id, menu_item_id, quantity) VALUES (9000147, 9000080, 6488, 1), (9000148, 9000080, 6469, 1);
INSERT INTO orders (id, user_id, store_id, store_category, payment_method_id, address_id, delivery_type, delivery_time_str, extra_fee, phone_country_code, phone_number, tip_amount, subtotal, service_fee, delivery_fee, total, order_date, status) VALUES (9000081, 3107, 272, 'restaurant', NULL, 9007, 'delivery', '25-40 min', 0, '+1', '5550003107', 490, 4897, 588, 399, 6374, '2026-05-08T01:00:00.000Z', 'delivered');
INSERT INTO order_items (id, order_id, menu_item_id, quantity) VALUES (9000149, 9000081, 6483, 1), (9000150, 9000081, 6479, 2);
INSERT INTO orders (id, user_id, store_id, store_category, payment_method_id, address_id, delivery_type, delivery_time_str, extra_fee, phone_country_code, phone_number, tip_amount, subtotal, service_fee, delivery_fee, total, order_date, status) VALUES (9000082, 3107, 143, 'restaurant', NULL, 9007, 'delivery', '25-40 min', 0, '+1', '5550003107', 659, 6594, 791, 399, 8443, '2026-05-05T01:00:00.000Z', 'delivered');
INSERT INTO order_items (id, order_id, menu_item_id, quantity) VALUES (9000151, 9000082, 4057, 2), (9000152, 9000082, 4048, 2), (9000153, 9000082, 4047, 2);
INSERT INTO orders (id, user_id, store_id, store_category, payment_method_id, address_id, delivery_type, delivery_time_str, extra_fee, phone_country_code, phone_number, tip_amount, subtotal, service_fee, delivery_fee, total, order_date, status) VALUES (9000083, 3107, 103, 'restaurant', NULL, 9007, 'delivery', '25-40 min', 0, '+1', '5550003107', 517, 5174, 621, 399, 6711, '2026-05-02T01:00:00.000Z', 'delivered');
INSERT INTO order_items (id, order_id, menu_item_id, quantity) VALUES (9000154, 9000083, 3478, 1), (9000155, 9000083, 3480, 1), (9000156, 9000083, 3472, 2), (9000157, 9000083, 3468, 2);
INSERT INTO orders (id, user_id, store_id, store_category, payment_method_id, address_id, delivery_type, delivery_time_str, extra_fee, phone_country_code, phone_number, tip_amount, subtotal, service_fee, delivery_fee, total, order_date, status) VALUES (9000084, 3107, 103, 'restaurant', NULL, 9007, 'delivery', '25-40 min', 0, '+1', '5550003107', 388, 3880, 466, 399, 5133, '2026-04-30T01:00:00.000Z', 'delivered');
INSERT INTO order_items (id, order_id, menu_item_id, quantity) VALUES (9000158, 9000084, 3474, 1), (9000159, 9000084, 3470, 1), (9000160, 9000084, 3473, 1), (9000161, 9000084, 3478, 1);
INSERT INTO orders (id, user_id, store_id, store_category, payment_method_id, address_id, delivery_type, delivery_time_str, extra_fee, phone_country_code, phone_number, tip_amount, subtotal, service_fee, delivery_fee, total, order_date, status) VALUES (9000085, 3107, 171, 'restaurant', NULL, 9007, 'delivery', '25-40 min', 0, '+1', '5550003107', 799, 7994, 959, 399, 10151, '2026-04-27T01:00:00.000Z', 'delivered');
INSERT INTO order_items (id, order_id, menu_item_id, quantity) VALUES (9000162, 9000085, 4486, 2), (9000163, 9000085, 4488, 2), (9000164, 9000085, 4489, 2), (9000165, 9000085, 4500, 2);
INSERT INTO user_reviews (id, store_id, store_category, user_id, rating, content, timestamp, order_id, approval_status) VALUES (9000037, 345, 'restaurant', 3107, 1.0, 'Tried Nick''s Classic American Kitchen once, didn''t land. Won''t reorder.', '2026-05-24T01:00:00.000Z', NULL, 'approved');
INSERT INTO user_reviews (id, store_id, store_category, user_id, rating, content, timestamp, order_id, approval_status) VALUES (9000038, 178, 'restaurant', 3107, 1.0, 'Tried The House once, didn''t land. Won''t reorder.', '2026-05-19T01:00:00.000Z', NULL, 'approved');
INSERT INTO user_reviews (id, store_id, store_category, user_id, rating, content, timestamp, order_id, approval_status) VALUES (9000039, 73, 'restaurant', 3107, 5.0, 'Sushi Pantry nails it every time — go-to for American.', '2026-05-14T01:00:00.000Z', NULL, 'approved');
INSERT INTO user_reviews (id, store_id, store_category, user_id, rating, content, timestamp, order_id, approval_status) VALUES (9000040, 143, 'restaurant', 3107, 4.0, 'Solid Italian from Olive Garden. Consistently good.', '2026-05-12T01:00:00.000Z', NULL, 'approved');
INSERT INTO user_reviews (id, store_id, store_category, user_id, rating, content, timestamp, order_id, approval_status) VALUES (9000041, 187, 'restaurant', 3107, 5.0, 'Classic Kitchen nails it every time — go-to for American.', '2026-05-10T01:00:00.000Z', NULL, 'approved');
INSERT INTO user_reviews (id, store_id, store_category, user_id, rating, content, timestamp, order_id, approval_status) VALUES (9000042, 171, 'restaurant', 3107, 4.0, 'Solid Mexican from North Mexicana. Consistently good.', '2026-05-04T01:00:00.000Z', NULL, 'approved');
INSERT INTO user_reviews (id, store_id, store_category, user_id, rating, content, timestamp, order_id, approval_status) VALUES (9000043, 103, 'restaurant', 3107, 4.0, 'Solid Mexican from Chipotle Mexican Grill. Consistently good.', '2026-05-02T01:00:00.000Z', NULL, 'approved');
INSERT INTO user_reviews (id, store_id, store_category, user_id, rating, content, timestamp, order_id, approval_status) VALUES (9000044, 272, 'restaurant', 3107, 5.0, 'Bella Italian Kitchen - Brooklyn nails it every time — go-to for Italian.', '2026-04-30T01:00:00.000Z', NULL, 'approved');
INSERT INTO user_reviews (id, store_id, store_category, user_id, rating, content, timestamp, order_id, approval_status) VALUES (9000045, 328, 'restaurant', 3107, 4.0, 'Solid Italian from Mama Rosa''s Osteria. Consistently good.', '2026-04-27T01:00:00.000Z', NULL, 'approved');

-- =====================================================
-- hana-park (user 3108) — Koreatown LA family of four with older kids, Korean BBQ and dumpling nights.
-- =====================================================
INSERT OR REPLACE INTO users (id, name, email, phone_number, password, country_id, avatar, is_restricted) VALUES (3108, 'Hana Park', 'hana.park@personas.demo', '5550003108', 'password', 2, NULL, 0);
INSERT INTO addresses (id, user_id, street, city, state, zip_code, latitude, longitude, address_type, is_default) VALUES (9008, 3108, '3450 W 6th St', 'Los Angeles', 'CA', '90020', 34.0625, -118.3007, 'house', 1);
INSERT INTO user_preferences (user_id, cuisine_affinity, price_tier, dietary, spice_tolerance, novelty_appetite, delivery_time_tolerance, promo_sensitivity) VALUES (3108, '{"Korean":0.85,"Chinese":0.6,"Japanese":0.4}', 'mid', '[]', 'medium', 0.5, 'quick', 'mid');
INSERT INTO user_family (user_id, adults, kids, kid_ages, shared_dietary, kid_friendly_required, notes) VALUES (3108, 2, 2, '[8,11]', '[]', 0, 'Kids are old enough that kid-friendly menus aren''t required.');
INSERT INTO orders (id, user_id, store_id, store_category, payment_method_id, address_id, delivery_type, delivery_time_str, extra_fee, phone_country_code, phone_number, tip_amount, subtotal, service_fee, delivery_fee, total, order_date, status) VALUES (9000086, 3108, 409, 'restaurant', NULL, 9008, 'delivery', '25-40 min', 0, '+1', '5550003108', 380, 3796, 456, 399, 5031, '2026-05-28T01:00:00.000Z', 'delivered');
INSERT INTO order_items (id, order_id, menu_item_id, quantity) VALUES (9000166, 9000086, 8961, 2), (9000167, 9000086, 8972, 1), (9000168, 9000086, 8962, 2);
INSERT INTO orders (id, user_id, store_id, store_category, payment_method_id, address_id, delivery_type, delivery_time_str, extra_fee, phone_country_code, phone_number, tip_amount, subtotal, service_fee, delivery_fee, total, order_date, status) VALUES (9000087, 3108, 409, 'restaurant', NULL, 9008, 'delivery', '25-40 min', 0, '+1', '5550003108', 989, 9894, 1187, 399, 12469, '2026-05-27T01:00:00.000Z', 'delivered');
INSERT INTO order_items (id, order_id, menu_item_id, quantity) VALUES (9000169, 9000087, 8967, 2), (9000170, 9000087, 8964, 1), (9000171, 9000087, 8970, 1), (9000172, 9000087, 8965, 2);
INSERT INTO orders (id, user_id, store_id, store_category, payment_method_id, address_id, delivery_type, delivery_time_str, extra_fee, phone_country_code, phone_number, tip_amount, subtotal, service_fee, delivery_fee, total, order_date, status) VALUES (9000088, 3108, 409, 'restaurant', NULL, 9008, 'delivery', '25-40 min', 0, '+1', '5550003108', 560, 5596, 672, 399, 7227, '2026-05-25T01:00:00.000Z', 'delivered');
INSERT INTO order_items (id, order_id, menu_item_id, quantity) VALUES (9000173, 9000088, 8968, 1), (9000174, 9000088, 8965, 1), (9000175, 9000088, 8970, 1), (9000176, 9000088, 8967, 1);
INSERT INTO orders (id, user_id, store_id, store_category, payment_method_id, address_id, delivery_type, delivery_time_str, extra_fee, phone_country_code, phone_number, tip_amount, subtotal, service_fee, delivery_fee, total, order_date, status) VALUES (9000089, 3108, 409, 'restaurant', NULL, 9008, 'delivery', '25-40 min', 0, '+1', '5550003108', 730, 7297, 876, 399, 9302, '2026-05-23T01:00:00.000Z', 'delivered');
INSERT INTO order_items (id, order_id, menu_item_id, quantity) VALUES (9000177, 9000089, 8972, 1), (9000178, 9000089, 8964, 2), (9000179, 9000089, 8971, 2), (9000180, 9000089, 8969, 1);
INSERT INTO orders (id, user_id, store_id, store_category, payment_method_id, address_id, delivery_type, delivery_time_str, extra_fee, phone_country_code, phone_number, tip_amount, subtotal, service_fee, delivery_fee, total, order_date, status) VALUES (9000090, 3108, 409, 'restaurant', NULL, 9008, 'delivery', '25-40 min', 0, '+1', '5550003108', 680, 6795, 815, 399, 8689, '2026-05-21T01:00:00.000Z', 'delivered');
INSERT INTO order_items (id, order_id, menu_item_id, quantity) VALUES (9000181, 9000090, 8965, 1), (9000182, 9000090, 8960, 2), (9000183, 9000090, 8961, 2), (9000184, 9000090, 8971, 2);
INSERT INTO orders (id, user_id, store_id, store_category, payment_method_id, address_id, delivery_type, delivery_time_str, extra_fee, phone_country_code, phone_number, tip_amount, subtotal, service_fee, delivery_fee, total, order_date, status) VALUES (9000091, 3108, 455, 'restaurant', NULL, 9008, 'delivery', '25-40 min', 0, '+1', '5550003108', 410, 4097, 492, 399, 5398, '2026-05-19T01:00:00.000Z', 'delivered');
INSERT INTO order_items (id, order_id, menu_item_id, quantity) VALUES (9000185, 9000091, 9638, 2), (9000186, 9000091, 9645, 1);
INSERT INTO orders (id, user_id, store_id, store_category, payment_method_id, address_id, delivery_type, delivery_time_str, extra_fee, phone_country_code, phone_number, tip_amount, subtotal, service_fee, delivery_fee, total, order_date, status) VALUES (9000092, 3108, 455, 'restaurant', NULL, 9008, 'delivery', '25-40 min', 0, '+1', '5550003108', 780, 7795, 935, 399, 9909, '2026-05-18T01:00:00.000Z', 'delivered');
INSERT INTO order_items (id, order_id, menu_item_id, quantity) VALUES (9000187, 9000092, 9641, 2), (9000188, 9000092, 9643, 1), (9000189, 9000092, 9639, 2), (9000190, 9000092, 9649, 2);
INSERT INTO orders (id, user_id, store_id, store_category, payment_method_id, address_id, delivery_type, delivery_time_str, extra_fee, phone_country_code, phone_number, tip_amount, subtotal, service_fee, delivery_fee, total, order_date, status) VALUES (9000093, 3108, 492, 'restaurant', NULL, 9008, 'delivery', '25-40 min', 0, '+1', '5550003108', 565, 5645, 677, 399, 7286, '2026-05-15T01:00:00.000Z', 'delivered');
INSERT INTO order_items (id, order_id, menu_item_id, quantity) VALUES (9000191, 9000093, 10200, 2), (9000192, 9000093, 10206, 1), (9000193, 9000093, 10203, 2);
INSERT INTO orders (id, user_id, store_id, store_category, payment_method_id, address_id, delivery_type, delivery_time_str, extra_fee, phone_country_code, phone_number, tip_amount, subtotal, service_fee, delivery_fee, total, order_date, status) VALUES (9000094, 3108, 492, 'restaurant', NULL, 9008, 'delivery', '25-40 min', 0, '+1', '5550003108', 455, 4545, 545, 399, 5944, '2026-05-14T01:00:00.000Z', 'delivered');
INSERT INTO order_items (id, order_id, menu_item_id, quantity) VALUES (9000194, 9000094, 10198, 1), (9000195, 9000094, 10205, 2), (9000196, 9000094, 10202, 2);
INSERT INTO orders (id, user_id, store_id, store_category, payment_method_id, address_id, delivery_type, delivery_time_str, extra_fee, phone_country_code, phone_number, tip_amount, subtotal, service_fee, delivery_fee, total, order_date, status) VALUES (9000095, 3108, 492, 'restaurant', NULL, 9008, 'delivery', '25-40 min', 0, '+1', '5550003108', 809, 8094, 971, 399, 10273, '2026-05-13T01:00:00.000Z', 'delivered');
INSERT INTO order_items (id, order_id, menu_item_id, quantity) VALUES (9000197, 9000095, 10204, 2), (9000198, 9000095, 10212, 1), (9000199, 9000095, 10209, 2), (9000200, 9000095, 10207, 2);
INSERT INTO orders (id, user_id, store_id, store_category, payment_method_id, address_id, delivery_type, delivery_time_str, extra_fee, phone_country_code, phone_number, tip_amount, subtotal, service_fee, delivery_fee, total, order_date, status) VALUES (9000096, 3108, 475, 'restaurant', NULL, 9008, 'delivery', '25-40 min', 0, '+1', '5550003108', 165, 1648, 199, 399, 2411, '2026-05-12T01:00:00.000Z', 'delivered');
INSERT INTO order_items (id, order_id, menu_item_id, quantity) VALUES (9000201, 9000096, 9943, 1), (9000202, 9000096, 9942, 1);
INSERT INTO orders (id, user_id, store_id, store_category, payment_method_id, address_id, delivery_type, delivery_time_str, extra_fee, phone_country_code, phone_number, tip_amount, subtotal, service_fee, delivery_fee, total, order_date, status) VALUES (9000097, 3108, 475, 'restaurant', NULL, 9008, 'delivery', '25-40 min', 0, '+1', '5550003108', 420, 4196, 504, 399, 5519, '2026-05-11T01:00:00.000Z', 'delivered');
INSERT INTO order_items (id, order_id, menu_item_id, quantity) VALUES (9000203, 9000097, 9947, 1), (9000204, 9000097, 9945, 1), (9000205, 9000097, 9953, 2);
INSERT INTO orders (id, user_id, store_id, store_category, payment_method_id, address_id, delivery_type, delivery_time_str, extra_fee, phone_country_code, phone_number, tip_amount, subtotal, service_fee, delivery_fee, total, order_date, status) VALUES (9000098, 3108, 444, 'restaurant', NULL, 9008, 'delivery', '25-40 min', 0, '+1', '5550003108', 570, 5695, 683, 399, 7347, '2026-05-09T01:00:00.000Z', 'delivered');
INSERT INTO order_items (id, order_id, menu_item_id, quantity) VALUES (9000206, 9000098, 9476, 2), (9000207, 9000098, 9484, 1), (9000208, 9000098, 9474, 1), (9000209, 9000098, 9483, 1);
INSERT INTO orders (id, user_id, store_id, store_category, payment_method_id, address_id, delivery_type, delivery_time_str, extra_fee, phone_country_code, phone_number, tip_amount, subtotal, service_fee, delivery_fee, total, order_date, status) VALUES (9000099, 3108, 367, 'restaurant', NULL, 9008, 'delivery', '25-40 min', 0, '+1', '5550003108', 210, 2099, 252, 399, 2960, '2026-05-06T01:00:00.000Z', 'delivered');
INSERT INTO order_items (id, order_id, menu_item_id, quantity) VALUES (9000210, 9000099, 8338, 2), (9000211, 9000099, 8332, 1);
INSERT INTO orders (id, user_id, store_id, store_category, payment_method_id, address_id, delivery_type, delivery_time_str, extra_fee, phone_country_code, phone_number, tip_amount, subtotal, service_fee, delivery_fee, total, order_date, status) VALUES (9000100, 3108, 367, 'restaurant', NULL, 9008, 'delivery', '25-40 min', 0, '+1', '5550003108', 200, 1999, 240, 399, 2838, '2026-05-03T01:00:00.000Z', 'delivered');
INSERT INTO order_items (id, order_id, menu_item_id, quantity) VALUES (9000212, 9000100, 8337, 1), (9000213, 9000100, 8338, 1);
INSERT INTO orders (id, user_id, store_id, store_category, payment_method_id, address_id, delivery_type, delivery_time_str, extra_fee, phone_country_code, phone_number, tip_amount, subtotal, service_fee, delivery_fee, total, order_date, status) VALUES (9000101, 3108, 381, 'restaurant', NULL, 9008, 'delivery', '25-40 min', 0, '+1', '5550003108', 680, 6795, 815, 399, 8689, '2026-05-01T01:00:00.000Z', 'delivered');
INSERT INTO order_items (id, order_id, menu_item_id, quantity) VALUES (9000214, 9000101, 8533, 1), (9000215, 9000101, 8542, 1), (9000216, 9000101, 8543, 2), (9000217, 9000101, 8537, 1);
INSERT INTO user_reviews (id, store_id, store_category, user_id, rating, content, timestamp, order_id, approval_status) VALUES (9000046, 444, 'restaurant', 3108, 2.0, 'Golden Express was underwhelming — kitchen seemed off the night I ordered.', '2026-05-24T01:00:00.000Z', NULL, 'approved');
INSERT INTO user_reviews (id, store_id, store_category, user_id, rating, content, timestamp, order_id, approval_status) VALUES (9000047, 381, 'restaurant', 3108, 1.0, 'Tried The Frank''s Izakaya once, didn''t land. Won''t reorder.', '2026-05-21T01:00:00.000Z', NULL, 'approved');
INSERT INTO user_reviews (id, store_id, store_category, user_id, rating, content, timestamp, order_id, approval_status) VALUES (9000048, 455, 'restaurant', 3108, 4.0, 'Solid Korean from Bowl by Rosa''s. Consistently good.', '2026-05-19T01:00:00.000Z', NULL, 'approved');
INSERT INTO user_reviews (id, store_id, store_category, user_id, rating, content, timestamp, order_id, approval_status) VALUES (9000049, 492, 'restaurant', 3108, 5.0, 'Joe''s Palace nails it every time — go-to for Chinese.', '2026-05-17T01:00:00.000Z', NULL, 'approved');
INSERT INTO user_reviews (id, store_id, store_category, user_id, rating, content, timestamp, order_id, approval_status) VALUES (9000050, 409, 'restaurant', 3108, 5.0, 'Classic Grill nails it every time — go-to for Korean.', '2026-05-14T01:00:00.000Z', NULL, 'approved');
INSERT INTO user_reviews (id, store_id, store_category, user_id, rating, content, timestamp, order_id, approval_status) VALUES (9000051, 367, 'restaurant', 3108, 5.0, 'New Ramen nails it every time — go-to for Japanese.', '2026-05-08T01:00:00.000Z', NULL, 'approved');
INSERT INTO user_reviews (id, store_id, store_category, user_id, rating, content, timestamp, order_id, approval_status) VALUES (9000052, 475, 'restaurant', 3108, 5.0, 'Palm''s Kitchen nails it every time — go-to for Chinese.', '2026-05-04T01:00:00.000Z', NULL, 'approved');

-- =====================================================
-- idris-mensah (user 3109) — Brooklyn family of five, three kids under 13, value-conscious bulk orders.
-- =====================================================
INSERT OR REPLACE INTO users (id, name, email, phone_number, password, country_id, avatar, is_restricted) VALUES (3109, 'Idris Mensah', 'idris.mensah@personas.demo', '5550003109', 'password', 2, NULL, 0);
INSERT INTO addresses (id, user_id, street, city, state, zip_code, latitude, longitude, address_type, is_default) VALUES (9009, 3109, '1825 Pitkin Ave', 'Brooklyn', 'NY', '11212', 40.6644, -73.9128, 'house', 1);
INSERT INTO user_preferences (user_id, cuisine_affinity, price_tier, dietary, spice_tolerance, novelty_appetite, delivery_time_tolerance, promo_sensitivity) VALUES (3109, '{"Chinese":0.8,"American":0.6,"Italian":0.4}', 'budget', '[]', 'mild', 0.2, 'flexible', 'high');
INSERT INTO user_family (user_id, adults, kids, kid_ages, shared_dietary, kid_friendly_required, notes) VALUES (3109, 2, 3, '[4,7,12]', '[]', 1, 'Big orders, two-and-three-entree share plates dominate the cart.');
INSERT INTO orders (id, user_id, store_id, store_category, payment_method_id, address_id, delivery_type, delivery_time_str, extra_fee, phone_country_code, phone_number, tip_amount, subtotal, service_fee, delivery_fee, total, order_date, status) VALUES (9000102, 3109, 208, 'restaurant', NULL, 9009, 'delivery', '25-40 min', 0, '+1', '5550003109', 559, 5594, 671, 399, 7223, '2026-05-28T01:00:00.000Z', 'delivered');
INSERT INTO order_items (id, order_id, menu_item_id, quantity) VALUES (9000218, 9000102, 5232, 2), (9000219, 9000102, 5228, 2), (9000220, 9000102, 5217, 2);
INSERT INTO orders (id, user_id, store_id, store_category, payment_method_id, address_id, delivery_type, delivery_time_str, extra_fee, phone_country_code, phone_number, tip_amount, subtotal, service_fee, delivery_fee, total, order_date, status) VALUES (9000103, 3109, 208, 'restaurant', NULL, 9009, 'delivery', '25-40 min', 0, '+1', '5550003109', 448, 4475, 537, 399, 5859, '2026-05-26T01:00:00.000Z', 'delivered');
INSERT INTO order_items (id, order_id, menu_item_id, quantity) VALUES (9000221, 9000103, 5228, 1), (9000222, 9000103, 5218, 1), (9000223, 9000103, 5223, 2), (9000224, 9000103, 5219, 1);
INSERT INTO orders (id, user_id, store_id, store_category, payment_method_id, address_id, delivery_type, delivery_time_str, extra_fee, phone_country_code, phone_number, tip_amount, subtotal, service_fee, delivery_fee, total, order_date, status) VALUES (9000104, 3109, 208, 'restaurant', NULL, 9009, 'delivery', '25-40 min', 0, '+1', '5550003109', 164, 1638, 199, 399, 2400, '2026-05-24T01:00:00.000Z', 'delivered');
INSERT INTO order_items (id, order_id, menu_item_id, quantity) VALUES (9000225, 9000104, 5223, 1), (9000226, 9000104, 5219, 1);
INSERT INTO orders (id, user_id, store_id, store_category, payment_method_id, address_id, delivery_type, delivery_time_str, extra_fee, phone_country_code, phone_number, tip_amount, subtotal, service_fee, delivery_fee, total, order_date, status) VALUES (9000105, 3109, 252, 'restaurant', NULL, 9009, 'delivery', '25-40 min', 0, '+1', '5550003109', 388, 3876, 465, 399, 5128, '2026-05-22T01:00:00.000Z', 'delivered');
INSERT INTO order_items (id, order_id, menu_item_id, quantity) VALUES (9000227, 9000105, 6081, 1), (9000228, 9000105, 6086, 1), (9000229, 9000105, 6087, 2);
INSERT INTO orders (id, user_id, store_id, store_category, payment_method_id, address_id, delivery_type, delivery_time_str, extra_fee, phone_country_code, phone_number, tip_amount, subtotal, service_fee, delivery_fee, total, order_date, status) VALUES (9000106, 3109, 252, 'restaurant', NULL, 9009, 'delivery', '25-40 min', 0, '+1', '5550003109', 248, 2477, 297, 399, 3421, '2026-05-19T01:00:00.000Z', 'delivered');
INSERT INTO order_items (id, order_id, menu_item_id, quantity) VALUES (9000230, 9000106, 6075, 1), (9000231, 9000106, 6086, 1), (9000232, 9000106, 6080, 1);
INSERT INTO orders (id, user_id, store_id, store_category, payment_method_id, address_id, delivery_type, delivery_time_str, extra_fee, phone_country_code, phone_number, tip_amount, subtotal, service_fee, delivery_fee, total, order_date, status) VALUES (9000107, 3109, 292, 'restaurant', NULL, 9009, 'delivery', '25-40 min', 0, '+1', '5550003109', 400, 3996, 480, 399, 5275, '2026-05-17T01:00:00.000Z', 'delivered');
INSERT INTO order_items (id, order_id, menu_item_id, quantity) VALUES (9000233, 9000107, 6869, 2), (9000234, 9000107, 6876, 2);
INSERT INTO orders (id, user_id, store_id, store_category, payment_method_id, address_id, delivery_type, delivery_time_str, extra_fee, phone_country_code, phone_number, tip_amount, subtotal, service_fee, delivery_fee, total, order_date, status) VALUES (9000108, 3109, 222, 'restaurant', NULL, 9009, 'delivery', '25-40 min', 0, '+1', '5550003109', 312, 3117, 374, 399, 4202, '2026-05-14T01:00:00.000Z', 'delivered');
INSERT INTO order_items (id, order_id, menu_item_id, quantity) VALUES (9000235, 9000108, 5498, 1), (9000236, 9000108, 5503, 2);
INSERT INTO orders (id, user_id, store_id, store_category, payment_method_id, address_id, delivery_type, delivery_time_str, extra_fee, phone_country_code, phone_number, tip_amount, subtotal, service_fee, delivery_fee, total, order_date, status) VALUES (9000109, 3109, 24, 'restaurant', NULL, 9009, 'delivery', '25-40 min', 0, '+1', '5550003109', 1170, 11700, 1404, 399, 14673, '2026-05-11T01:00:00.000Z', 'delivered');
INSERT INTO order_items (id, order_id, menu_item_id, quantity) VALUES (9000237, 9000109, 801, 2), (9000238, 9000109, 807, 2), (9000239, 9000109, 811, 2), (9000240, 9000109, 799, 1);
INSERT INTO orders (id, user_id, store_id, store_category, payment_method_id, address_id, delivery_type, delivery_time_str, extra_fee, phone_country_code, phone_number, tip_amount, subtotal, service_fee, delivery_fee, total, order_date, status) VALUES (9000110, 3109, 24, 'restaurant', NULL, 9009, 'delivery', '25-40 min', 0, '+1', '5550003109', 660, 6600, 792, 399, 8451, '2026-05-10T01:00:00.000Z', 'delivered');
INSERT INTO order_items (id, order_id, menu_item_id, quantity) VALUES (9000241, 9000110, 807, 1), (9000242, 9000110, 803, 2), (9000243, 9000110, 811, 1), (9000244, 9000110, 799, 1);
INSERT INTO orders (id, user_id, store_id, store_category, payment_method_id, address_id, delivery_type, delivery_time_str, extra_fee, phone_country_code, phone_number, tip_amount, subtotal, service_fee, delivery_fee, total, order_date, status) VALUES (9000111, 3109, 24, 'restaurant', NULL, 9009, 'delivery', '25-40 min', 0, '+1', '5550003109', 860, 8600, 1032, 399, 10891, '2026-05-09T01:00:00.000Z', 'delivered');
INSERT INTO order_items (id, order_id, menu_item_id, quantity) VALUES (9000245, 9000111, 811, 2), (9000246, 9000111, 803, 2), (9000247, 9000111, 807, 1);
INSERT INTO orders (id, user_id, store_id, store_category, payment_method_id, address_id, delivery_type, delivery_time_str, extra_fee, phone_country_code, phone_number, tip_amount, subtotal, service_fee, delivery_fee, total, order_date, status) VALUES (9000112, 3109, 95, 'restaurant', NULL, 9009, 'delivery', '25-40 min', 0, '+1', '5550003109', 380, 3800, 456, 399, 5035, '2026-05-08T01:00:00.000Z', 'delivered');
INSERT INTO order_items (id, order_id, menu_item_id, quantity) VALUES (9000248, 9000112, 3238, 2), (9000249, 9000112, 3232, 2), (9000250, 9000112, 3237, 2);
INSERT INTO orders (id, user_id, store_id, store_category, payment_method_id, address_id, delivery_type, delivery_time_str, extra_fee, phone_country_code, phone_number, tip_amount, subtotal, service_fee, delivery_fee, total, order_date, status) VALUES (9000113, 3109, 95, 'restaurant', NULL, 9009, 'delivery', '25-40 min', 0, '+1', '5550003109', 485, 4850, 582, 399, 6316, '2026-05-05T01:00:00.000Z', 'delivered');
INSERT INTO order_items (id, order_id, menu_item_id, quantity) VALUES (9000251, 9000113, 3222, 1), (9000252, 9000113, 3231, 2), (9000253, 9000113, 3243, 1), (9000254, 9000113, 3232, 2);
INSERT INTO orders (id, user_id, store_id, store_category, payment_method_id, address_id, delivery_type, delivery_time_str, extra_fee, phone_country_code, phone_number, tip_amount, subtotal, service_fee, delivery_fee, total, order_date, status) VALUES (9000114, 3109, 202, 'restaurant', NULL, 9009, 'delivery', '25-40 min', 0, '+1', '5550003109', 360, 3595, 431, 399, 4785, '2026-05-02T01:00:00.000Z', 'delivered');
INSERT INTO order_items (id, order_id, menu_item_id, quantity) VALUES (9000255, 9000114, 5115, 2), (9000256, 9000114, 5103, 1), (9000257, 9000114, 5099, 2);
INSERT INTO orders (id, user_id, store_id, store_category, payment_method_id, address_id, delivery_type, delivery_time_str, extra_fee, phone_country_code, phone_number, tip_amount, subtotal, service_fee, delivery_fee, total, order_date, status) VALUES (9000115, 3109, 198, 'restaurant', NULL, 9009, 'delivery', '25-40 min', 0, '+1', '5550003109', 632, 6315, 758, 399, 8104, '2026-04-29T01:00:00.000Z', 'delivered');
INSERT INTO order_items (id, order_id, menu_item_id, quantity) VALUES (9000258, 9000115, 5030, 1), (9000259, 9000115, 5028, 2), (9000260, 9000115, 5034, 2);
INSERT INTO orders (id, user_id, store_id, store_category, payment_method_id, address_id, delivery_type, delivery_time_str, extra_fee, phone_country_code, phone_number, tip_amount, subtotal, service_fee, delivery_fee, total, order_date, status) VALUES (9000116, 3109, 198, 'restaurant', NULL, 9009, 'delivery', '25-40 min', 0, '+1', '5550003109', 168, 1678, 201, 399, 2446, '2026-04-26T01:00:00.000Z', 'delivered');
INSERT INTO order_items (id, order_id, menu_item_id, quantity) VALUES (9000261, 9000116, 5021, 1), (9000262, 9000116, 5019, 1);
INSERT INTO orders (id, user_id, store_id, store_category, payment_method_id, address_id, delivery_type, delivery_time_str, extra_fee, phone_country_code, phone_number, tip_amount, subtotal, service_fee, delivery_fee, total, order_date, status) VALUES (9000117, 3109, 227, 'restaurant', NULL, 9009, 'delivery', '25-40 min', 0, '+1', '5550003109', 584, 5836, 700, 399, 7519, '2026-04-25T01:00:00.000Z', 'delivered');
INSERT INTO order_items (id, order_id, menu_item_id, quantity) VALUES (9000263, 9000117, 5590, 2), (9000264, 9000117, 5594, 2);
INSERT INTO user_reviews (id, store_id, store_category, user_id, rating, content, timestamp, order_id, approval_status) VALUES (9000053, 292, 'restaurant', 3109, 1.0, 'Tried Central Wok once, didn''t land. Won''t reorder.', '2026-05-24T01:00:00.000Z', NULL, 'approved');
INSERT INTO user_reviews (id, store_id, store_category, user_id, rating, content, timestamp, order_id, approval_status) VALUES (9000054, 222, 'restaurant', 3109, 1.0, 'Tried Downtown Palace once, didn''t land. Won''t reorder.', '2026-05-22T01:00:00.000Z', NULL, 'approved');
INSERT INTO user_reviews (id, store_id, store_category, user_id, rating, content, timestamp, order_id, approval_status) VALUES (9000055, 95, 'restaurant', 3109, 5.0, 'Coastal Cuisine Bar nails it every time — go-to for American.', '2026-05-18T01:00:00.000Z', NULL, 'approved');
INSERT INTO user_reviews (id, store_id, store_category, user_id, rating, content, timestamp, order_id, approval_status) VALUES (9000056, 202, 'restaurant', 3109, 4.0, 'Solid American from West Diner. Consistently good.', '2026-05-12T01:00:00.000Z', NULL, 'approved');
INSERT INTO user_reviews (id, store_id, store_category, user_id, rating, content, timestamp, order_id, approval_status) VALUES (9000057, 227, 'restaurant', 3109, 5.0, 'Famous Ristorante nails it every time — go-to for Italian.', '2026-05-08T01:00:00.000Z', NULL, 'approved');
INSERT INTO user_reviews (id, store_id, store_category, user_id, rating, content, timestamp, order_id, approval_status) VALUES (9000058, 208, 'restaurant', 3109, 4.0, 'Solid Chinese from Famous Dragon. Consistently good.', '2026-05-04T01:00:00.000Z', NULL, 'approved');

-- =====================================================
-- julia-volkov (user 3110) — Brooklyn Heights couple with one child, gluten-free, weekend pho ritual.
-- =====================================================
INSERT OR REPLACE INTO users (id, name, email, phone_number, password, country_id, avatar, is_restricted) VALUES (3110, 'Julia Volkov', 'julia.volkov@personas.demo', '5550003110', 'password', 2, NULL, 0);
INSERT INTO addresses (id, user_id, street, city, state, zip_code, latitude, longitude, address_type, is_default) VALUES (9010, 3110, '110 Henry St', 'Brooklyn', 'NY', '11201', 40.6957, -73.9938, 'house', 1);
INSERT INTO user_preferences (user_id, cuisine_affinity, price_tier, dietary, spice_tolerance, novelty_appetite, delivery_time_tolerance, promo_sensitivity) VALUES (3110, '{"Vietnamese":0.85,"Thai":0.6,"Chinese":0.4}', 'premium', '["gluten-free"]', 'hot', 0.6, 'quick', 'low');
INSERT INTO user_family (user_id, adults, kids, kid_ages, shared_dietary, kid_friendly_required, notes) VALUES (3110, 2, 1, '[6]', '["gluten-free"]', 1, 'Celiac household — gluten-free is non-negotiable on every order.');
INSERT INTO orders (id, user_id, store_id, store_category, payment_method_id, address_id, delivery_type, delivery_time_str, extra_fee, phone_country_code, phone_number, tip_amount, subtotal, service_fee, delivery_fee, total, order_date, status) VALUES (9000118, 3110, 356, 'restaurant', NULL, 9010, 'delivery', '25-40 min', 0, '+1', '5550003110', 323, 3234, 388, 399, 4344, '2026-05-28T01:00:00.000Z', 'delivered');
INSERT INTO order_items (id, order_id, menu_item_id, quantity) VALUES (9000265, 9000118, 8148, 2), (9000266, 9000118, 8141, 1);
INSERT INTO orders (id, user_id, store_id, store_category, payment_method_id, address_id, delivery_type, delivery_time_str, extra_fee, phone_country_code, phone_number, tip_amount, subtotal, service_fee, delivery_fee, total, order_date, status) VALUES (9000119, 3110, 356, 'restaurant', NULL, 9010, 'delivery', '25-40 min', 0, '+1', '5550003110', 557, 5572, 669, 399, 7197, '2026-05-27T01:00:00.000Z', 'delivered');
INSERT INTO order_items (id, order_id, menu_item_id, quantity) VALUES (9000267, 9000119, 8132, 2), (9000268, 9000119, 8143, 2);
INSERT INTO orders (id, user_id, store_id, store_category, payment_method_id, address_id, delivery_type, delivery_time_str, extra_fee, phone_country_code, phone_number, tip_amount, subtotal, service_fee, delivery_fee, total, order_date, status) VALUES (9000120, 3110, 356, 'restaurant', NULL, 9010, 'delivery', '25-40 min', 0, '+1', '5550003110', 1177, 11770, 1412, 399, 14758, '2026-05-24T01:00:00.000Z', 'delivered');
INSERT INTO order_items (id, order_id, menu_item_id, quantity) VALUES (9000269, 9000120, 8147, 2), (9000270, 9000120, 8136, 1), (9000271, 9000120, 8134, 1), (9000272, 9000120, 8138, 2);
INSERT INTO orders (id, user_id, store_id, store_category, payment_method_id, address_id, delivery_type, delivery_time_str, extra_fee, phone_country_code, phone_number, tip_amount, subtotal, service_fee, delivery_fee, total, order_date, status) VALUES (9000121, 3110, 356, 'restaurant', NULL, 9010, 'delivery', '25-40 min', 0, '+1', '5550003110', 899, 8990, 1079, 399, 11367, '2026-05-21T01:00:00.000Z', 'delivered');
INSERT INTO order_items (id, order_id, menu_item_id, quantity) VALUES (9000273, 9000121, 8137, 1), (9000274, 9000121, 8136, 2), (9000275, 9000121, 8148, 2);
INSERT INTO orders (id, user_id, store_id, store_category, payment_method_id, address_id, delivery_type, delivery_time_str, extra_fee, phone_country_code, phone_number, tip_amount, subtotal, service_fee, delivery_fee, total, order_date, status) VALUES (9000122, 3110, 274, 'restaurant', NULL, 9010, 'delivery', '25-40 min', 0, '+1', '5550003110', 701, 7012, 841, 399, 8953, '2026-05-20T01:00:00.000Z', 'delivered');
INSERT INTO order_items (id, order_id, menu_item_id, quantity) VALUES (9000276, 9000122, 6513, 2), (9000277, 9000122, 6523, 2);
INSERT INTO orders (id, user_id, store_id, store_category, payment_method_id, address_id, delivery_type, delivery_time_str, extra_fee, phone_country_code, phone_number, tip_amount, subtotal, service_fee, delivery_fee, total, order_date, status) VALUES (9000123, 3110, 274, 'restaurant', NULL, 9010, 'delivery', '25-40 min', 0, '+1', '5550003110', 513, 5127, 615, 399, 6654, '2026-05-19T01:00:00.000Z', 'delivered');
INSERT INTO order_items (id, order_id, menu_item_id, quantity) VALUES (9000278, 9000123, 6521, 2), (9000279, 9000123, 6524, 1), (9000280, 9000123, 6519, 1);
INSERT INTO orders (id, user_id, store_id, store_category, payment_method_id, address_id, delivery_type, delivery_time_str, extra_fee, phone_country_code, phone_number, tip_amount, subtotal, service_fee, delivery_fee, total, order_date, status) VALUES (9000124, 3110, 357, 'restaurant', NULL, 9010, 'delivery', '25-40 min', 0, '+1', '5550003110', 467, 4672, 561, 399, 6099, '2026-05-16T01:00:00.000Z', 'delivered');
INSERT INTO order_items (id, order_id, menu_item_id, quantity) VALUES (9000281, 9000124, 8159, 1), (9000282, 9000124, 8155, 1), (9000283, 9000124, 8152, 2);
INSERT INTO orders (id, user_id, store_id, store_category, payment_method_id, address_id, delivery_type, delivery_time_str, extra_fee, phone_country_code, phone_number, tip_amount, subtotal, service_fee, delivery_fee, total, order_date, status) VALUES (9000125, 3110, 71, 'restaurant', NULL, 9010, 'delivery', '25-40 min', 0, '+1', '5550003110', 825, 8250, 990, 399, 10464, '2026-05-14T01:00:00.000Z', 'delivered');
INSERT INTO order_items (id, order_id, menu_item_id, quantity) VALUES (9000284, 9000125, 2419, 1), (9000285, 9000125, 2413, 1), (9000286, 9000125, 2424, 2);
INSERT INTO orders (id, user_id, store_id, store_category, payment_method_id, address_id, delivery_type, delivery_time_str, extra_fee, phone_country_code, phone_number, tip_amount, subtotal, service_fee, delivery_fee, total, order_date, status) VALUES (9000126, 3110, 71, 'restaurant', NULL, 9010, 'delivery', '25-40 min', 0, '+1', '5550003110', 600, 6000, 720, 399, 7719, '2026-05-11T01:00:00.000Z', 'delivered');
INSERT INTO order_items (id, order_id, menu_item_id, quantity) VALUES (9000287, 9000126, 2391, 1), (9000288, 9000126, 2419, 1);
INSERT INTO orders (id, user_id, store_id, store_category, payment_method_id, address_id, delivery_type, delivery_time_str, extra_fee, phone_country_code, phone_number, tip_amount, subtotal, service_fee, delivery_fee, total, order_date, status) VALUES (9000127, 3110, 71, 'restaurant', NULL, 9010, 'delivery', '25-40 min', 0, '+1', '5550003110', 1070, 10700, 1284, 399, 13453, '2026-05-10T01:00:00.000Z', 'delivered');
INSERT INTO order_items (id, order_id, menu_item_id, quantity) VALUES (9000289, 9000127, 2421, 2), (9000290, 9000127, 2424, 2), (9000291, 9000127, 2413, 1);
INSERT INTO orders (id, user_id, store_id, store_category, payment_method_id, address_id, delivery_type, delivery_time_str, extra_fee, phone_country_code, phone_number, tip_amount, subtotal, service_fee, delivery_fee, total, order_date, status) VALUES (9000128, 3110, 216, 'restaurant', NULL, 9010, 'delivery', '25-40 min', 0, '+1', '5550003110', 727, 7268, 872, 399, 9266, '2026-05-07T01:00:00.000Z', 'delivered');
INSERT INTO order_items (id, order_id, menu_item_id, quantity) VALUES (9000292, 9000128, 5373, 2), (9000293, 9000128, 5385, 2), (9000294, 9000128, 5376, 2);
INSERT INTO orders (id, user_id, store_id, store_category, payment_method_id, address_id, delivery_type, delivery_time_str, extra_fee, phone_country_code, phone_number, tip_amount, subtotal, service_fee, delivery_fee, total, order_date, status) VALUES (9000129, 3110, 216, 'restaurant', NULL, 9010, 'delivery', '25-40 min', 0, '+1', '5550003110', 1136, 11363, 1364, 399, 14262, '2026-05-06T01:00:00.000Z', 'delivered');
INSERT INTO order_items (id, order_id, menu_item_id, quantity) VALUES (9000295, 9000129, 5384, 2), (9000296, 9000129, 5379, 1), (9000297, 9000129, 5378, 2), (9000298, 9000129, 5380, 1);
INSERT INTO orders (id, user_id, store_id, store_category, payment_method_id, address_id, delivery_type, delivery_time_str, extra_fee, phone_country_code, phone_number, tip_amount, subtotal, service_fee, delivery_fee, total, order_date, status) VALUES (9000130, 3110, 287, 'restaurant', NULL, 9010, 'delivery', '25-40 min', 0, '+1', '5550003110', 584, 5840, 701, 399, 7524, '2026-05-03T01:00:00.000Z', 'delivered');
INSERT INTO order_items (id, order_id, menu_item_id, quantity) VALUES (9000299, 9000130, 6784, 2), (9000300, 9000130, 6775, 2), (9000301, 9000130, 6773, 1);
INSERT INTO orders (id, user_id, store_id, store_category, payment_method_id, address_id, delivery_type, delivery_time_str, extra_fee, phone_country_code, phone_number, tip_amount, subtotal, service_fee, delivery_fee, total, order_date, status) VALUES (9000131, 3110, 347, 'restaurant', NULL, 9010, 'delivery', '25-40 min', 0, '+1', '5550003110', 1155, 11554, 1386, 399, 14494, '2026-04-30T01:00:00.000Z', 'delivered');
INSERT INTO order_items (id, order_id, menu_item_id, quantity) VALUES (9000302, 9000131, 7970, 2), (9000303, 9000131, 7968, 2), (9000304, 9000131, 7966, 2), (9000305, 9000131, 7972, 2);
INSERT INTO orders (id, user_id, store_id, store_category, payment_method_id, address_id, delivery_type, delivery_time_str, extra_fee, phone_country_code, phone_number, tip_amount, subtotal, service_fee, delivery_fee, total, order_date, status) VALUES (9000132, 3110, 347, 'restaurant', NULL, 9010, 'delivery', '25-40 min', 0, '+1', '5550003110', 376, 3762, 451, 399, 4988, '2026-04-27T01:00:00.000Z', 'delivered');
INSERT INTO order_items (id, order_id, menu_item_id, quantity) VALUES (9000306, 9000132, 7954, 2), (9000307, 9000132, 7958, 2);
INSERT INTO orders (id, user_id, store_id, store_category, payment_method_id, address_id, delivery_type, delivery_time_str, extra_fee, phone_country_code, phone_number, tip_amount, subtotal, service_fee, delivery_fee, total, order_date, status) VALUES (9000133, 3110, 249, 'restaurant', NULL, 9010, 'delivery', '25-40 min', 0, '+1', '5550003110', 772, 7724, 927, 399, 9822, '2026-04-24T01:00:00.000Z', 'delivered');
INSERT INTO order_items (id, order_id, menu_item_id, quantity) VALUES (9000308, 9000133, 6028, 1), (9000309, 9000133, 6025, 1), (9000310, 9000133, 6020, 2);
INSERT INTO user_reviews (id, store_id, store_category, user_id, rating, content, timestamp, order_id, approval_status) VALUES (9000059, 357, 'restaurant', 3110, 1.0, 'Tried Mike''s Pho House once, didn''t land. Won''t reorder.', '2026-05-24T01:00:00.000Z', NULL, 'approved');
INSERT INTO user_reviews (id, store_id, store_category, user_id, rating, content, timestamp, order_id, approval_status) VALUES (9000060, 287, 'restaurant', 3110, 1.0, 'Tried The Famous House Kitchen once, didn''t land. Won''t reorder.', '2026-05-18T01:00:00.000Z', NULL, 'approved');
INSERT INTO user_reviews (id, store_id, store_category, user_id, rating, content, timestamp, order_id, approval_status) VALUES (9000061, 347, 'restaurant', 3110, 5.0, 'Original Garden Chinese Bistro nails it every time — go-to for Chinese.', '2026-05-14T01:00:00.000Z', NULL, 'approved');
INSERT INTO user_reviews (id, store_id, store_category, user_id, rating, content, timestamp, order_id, approval_status) VALUES (9000062, 216, 'restaurant', 3110, 4.0, 'Solid Thai from Siam Thai Cafe. Consistently good.', '2026-05-11T01:00:00.000Z', NULL, 'approved');
INSERT INTO user_reviews (id, store_id, store_category, user_id, rating, content, timestamp, order_id, approval_status) VALUES (9000063, 249, 'restaurant', 3110, 4.0, 'Solid Chinese from New Garden. Consistently good.', '2026-05-05T01:00:00.000Z', NULL, 'approved');
INSERT INTO user_reviews (id, store_id, store_category, user_id, rating, content, timestamp, order_id, approval_status) VALUES (9000064, 71, 'restaurant', 3110, 4.0, 'Solid Thai from Copper Cantina. Consistently good.', '2026-04-30T01:00:00.000Z', NULL, 'approved');
INSERT INTO user_reviews (id, store_id, store_category, user_id, rating, content, timestamp, order_id, approval_status) VALUES (9000065, 274, 'restaurant', 3110, 5.0, 'Auntie''s Kitchen nails it every time — go-to for Vietnamese.', '2026-04-25T01:00:00.000Z', NULL, 'approved');
INSERT INTO user_reviews (id, store_id, store_category, user_id, rating, content, timestamp, order_id, approval_status) VALUES (9000066, 356, 'restaurant', 3110, 5.0, 'Tony''s Pho House nails it every time — go-to for Vietnamese.', '2026-04-21T01:00:00.000Z', NULL, 'approved');

COMMIT;
